Title,description,authors,publishedDate,categories,ratingsCount
No place to cry: The hurt and healing of sexual abuse,"Just as God gave Dorie Van Stone a tender heart to forgive her abusers, He also gave her the strength to reveal her past in No Place to Cry, the sequel to the best-seller Dorie: The Girl Nobody Loved. Through her candor you will gain insight into the trauma of emotional and sexual abuse.","['Dorie N. Van Stone', 'Erwin W. Lutzer']",1992-05-09,['Religion'],4.0
Chocolate: The Sweet History,"Complete with recipes, a guide provides an informative review of the history of chocolate by explaining where it originated, how it was originally used and by whom, how it is grown and processed, how it came to be made into tasty treats in modern times, and more. Simultaneous.",['Sandra Markle'],2005,['Juvenile Nonfiction'],2.0
Voices in Summer,"A phenomenal, heartwarming tale by the much-loved Rosamunde Pilcher. Laura, newly married and ever conscious she may be living in the shadow of her husband Alec's first wife, decides to take a holiday with his family in Cornwall. Through the long hot summer days she is slowly charmed by the beautiful old house and the people she learns to know and love. In time her uneasy spirit is soothed by the sparkling, brilliant sea, and her restless heart finally calmed. But is this new-found tranquillity too good to be true? For with the arrival of an anonymous letter, one accusing her of having an affair, Laura's world is thrown into turmoil . . .",['Rosamunde Pilcher'],2020-07-01,['Fiction'],4.0
The Castle in the Attic,"The classic children's story about a young boy, his toy castle, and a magical adventure that reveals the true meaning of courage When his beloved caretaker Mrs. Phillips tells him she's leaving, William is devastated. Not even her farewell gift of a model medieval castle helps him feel better—though he has to admit it's fascinating. From the working drawbridge and portcullis to the fully-furnished rooms, it's perfect in every detail. It almost seems magical. And when William looks at the silver knight, the tiny figure comes to life in his hand—and tells him a tale of a wicked sorcerer, a vicious dragon, and a kingdom in need of a hero. Hoping the castle's magic will help him find a way to make his friend stay, William embarks on a daring quest with Sir Simon, the Silver Knight—but he will have to face his own doubts and regrets if he's going to succeed. William's story continues in The Battle for the Castle, available as a redesigned companion edition. An IRA-CBC Children's Choice A California Young Reader Medal Winner A Dorothy Canfield Fisher Children's Book Award Winner Nominated for 23 State Book Awards",['Elizabeth Winthrop'],2012-05-15,['Juvenile Fiction'],21.0
SPELLBINDER: NIGHTWORLD,"Two witch cousins fight over their high school crush. It's a battle between black magic and white magic in ""Spellbinder.""",['L.J. Smith'],2016-12-06,['Juvenile Fiction'],6.0
Life 101 : Everything We Wish We Had Learned About Life in School -- But Didn't (The Life 101 Series),,['Peter McWilliams'],1997-04,['Philosophy'],3.0
"Three Years Among the Comanches: The Narrative of Nelson Lee, the Texas Ranger","Three Years Among the Comanches: The Narrative of Nelson Lee, the Texas Ranger; Containing a Detailed Account of His Captivity Among the Indians, His Singular Escape Through the Instrumentality of His Watch, and Fully Illustrating Indian Life as It is...",['Nelson Lee'],2016-08-19,,
ZOMBIE LOVER (XANTH),"Something’s rotten in the land of Xanth—and it’s not just the undead—in this “cheeky” adventure in the New York Times–bestselling series (Publishers Weekly). Horrors and hilarity collide as a fate far worse than death awaits a vivacious young visitor to “the Florida-shaped fantasy land where anything goes and the puns pack every page” (Kirkus Reviews). Breanna, a beautiful young newcomer to the enchanted land of Xanth, must deal with a distressing dilemma. She has unwittingly attracted the affections of King Xeth, ruler of Xanth’s Zombies, who yearns to make her queen of the undead! Her quest to preserve her innocence, and find her destiny, takes her on an exhilarating excursion packed with perils, puzzles, and piles of puns. Zombie Lover will provide a profusion of macabre merriment.",['Piers Anthony'],2019-11-05,['Fiction'],3.0
Adult Leukemia: A Comprehensive Guide for Patients and Families,"Defines leukemia; describes symptoms and diagnosis; explains tests; and discusses prognosis, treatment options, side effects, support needs, financial aspects, and research aids.",['Barbara B. Lackritz'],2001,['Family & Relationships'],
Strategies for Stillwater,"Discusses tackle, flies, locating trout, and recognizing and matching lake food forms",['Dave Hughes'],1991,['Sports & Recreation'],1.0
Woodcraft,,['William Gilmore Simms'],1854,['American fiction'],
I'M DANCING AS FAST AS I CAN,,['Barbara Gordon'],1982-09,['Diazepam'],5.0
Psalms Now,"What would the psalm writers say if they lived in modern times? What words would they use to express their prayers? ""Psalms Now"" captures the meaning of the psalms for today.",['Leslie F. Brandt'],1986,['Religion'],7.0
The Pledge of Allegiance,"Discusses the history and meaning of the Pledge of Allegiance, which was first published in The Youth's Companion in 1892 as part of a campaign to promote patriotism led by James B. Upham and Francis Bellamy.",['Christine Webster'],2007-09,['Juvenile Nonfiction'],
Treasure Chests: The Legacy of Extraordinary Boxes,"From time immemorial, people have used chests to protect their greatest valuables. In this work, Lon Schleining offers a highly visual guided tour of the world's most ancient and enduring furniture form.",['Lon Schleining'],2003,['House & Home'],1.0
Triangle,"Oil and gas reserves have depleted at an exponential rate, suffocating world economies. Military dominance has been replaced by The Triangle. Three powerful multinational consortiums, sharing a common mission: To stop anyone trying to gain an economic advantage, and disrupting the status quo. The capitalists’ will to survive is pitted against The Triangle’s Will to control, in this winner-takes-all battle to secure a new energy source to fuel the world’s insatiable appetite. Ben Crenshaw’s team on the Accipiter space station is racing against time, politics, and an international team returning from a seven year deep space mission. The two teams, separated from the rest of the world, have relied on each other and trusted each other ... a trust that is about to be broken. With tensions rising on the ground, a new transgressor emerges, one that is not afraid to use force.",['Edmond John'],2008-12-31,['Fiction'],
"Thuvia, Maid of Mars and the Chessmen of Mars: Library Edition","""The Master Mind of Mars"" by Edgar Rice Burroughs is the sixth book in the Barsoom series. Burroughs moves further away from John Carter by introducing a new hero, Ulysses Paxton, who uses his Martian name Vad Varo for most of the book. Ulysses is a much different hero than John Carter, or for that matter Cathoris or Thuvia from ""Thuvia Maid of Mars"" or Gahan of Gathol or Tara of Helium from ""The Chessmen of Mars."" We are delighted to publish this classic book as part of our extensive Classic Library collection. Many of the books in our collection have been out of print for decades, and therefore have not been accessible to the general public. The aim of our publishing program is to facilitate rapid access to this vast reservoir of literature, and our view is that this is a significant literary work, which deserves to be brought back into print after many decades. The contents of the vast majority of titles in the Classic Library have been scanned from the original works. To ensure a high quality product, each title has been meticulously hand curated by our staff. Our philosophy has been guided by a desire to provide the reader with a book that is as close as possible to ownership of the original work. We hope that you will enjoy this wonderful classic work, and that for you it becomes an enriching experience.",['Edgar Rice Burroughs'],2018-03-02,,5.0
The 2 1/2 Pillars of Wisdom (The Von Igelfeld Trilogy),"Welcome to the extraordinary world of Professor Dr. Moritz-Maria von Igelfeld, an unnaturally tall and memorable character whose sublime insouciance is a blend of the cultivated pomposity of Frasier Crane and Inspector Clouseau’s hapless gaucherie. The complete exploits of this unlikely adventurer are delightfully captured in The 21⁄2 Pillars of Wisdom.",['Alexander McCall Smith'],2009-06-12,['Fiction'],4.0
Hokusai,"Published on the occasion of an exhibition held at the Museum of Fine Arts, Boston, April 15, 2015-August 9, 2015.","['Sarah Elizabeth Thompson', 'Joan Wright', 'Philip Meredith']",2015,['Art'],
Prey,"Tropical rainforests cover only about 6% of the earth's surface, yet they are home to more than half the world's species. This book looks at the biology and behaviour of predators and prey describing how they live together in harmony and balance and how vital they are to the wellbeing of the whole world. It is one of a series of books which aims to provide an understanding of the unique ecosystems of the rainforest. It describes the amazing plants and animals and how they interact, and addresses local and global environmental and conservation issues.",['Michael Chinery'],2000,['Predation (Biology)'],
Cognitive Coaching: A Foundation for Renaissance Schools,Shows you how teachers' individual and collective capacities for continuing self-improvement are strengthened over time through cognitive coaching.,"['Arthur L. Costa', 'Robert J. Garmston']",1994,['Cognition'],
"Sign and Sing Along: Teddy Bear, Teddy Bear!","Presents an illustrated version of a children's song, accompanied by diagrams showing how to form the Signed English signs for each word. On board pages.",,2004-01,['Juvenile Nonfiction'],
Restless Souls : The Making of American Spirituality,"Yoga classes and Zen meditation, New-Age retreats and nature mysticism--all are part of an ongoing religious experimentation that has surprisingly deep roots in American history. Tracing out the country’s Transcendentalist and cosmopolitan religious impulses over the last two centuries, Restless Souls explores America’s abiding romance with spirituality as religion’s better half. Now in its second edition, including a new preface, Leigh Eric Schmidt's fascinating book provides a rich account of how this open-road spirituality developed in American culture in the first place as well as a sweeping survey of the liberal religious movements that touted it and ensured its continued vitality.",['Leigh Eric Schmidt'],2012-09,['Religion'],
How to Answer a Mormon,"A handbook for households confronted by Mormon missionaries. Tells exactly what to expect, what to reply, and how to witness to the Mormons ... right at the door!",['Robert A. Morey'],1983-01-01,['Religion'],
Summer of My German Soldier,"When German prisoners of war are brought to her Arkansas town during World War II, twelve-year-old Patty, a Jewish girl, befriends one of them and must deal with the consequences of that friendship.",['Bette Greene'],1973,['Juvenile Fiction'],40.0
The President and Mom's Apple Pie,"When President Taft comes to town to dedicate the new flagpole, he smells something wonderful, and sets out, with the entire town in tow, to discover from where the enticing scent is coming.",['Michael Garland'],2004-05,['Juvenile Fiction'],1.0
Camera Lucida: Reflections on Photography,"A graceful, contemplative volume, Camera Lucida was first published in 1979. Commenting on artists such as Avedon, Clifford, Mapplethorpe, and Nadar, Roland Barthes presents photography as being outside the codes of language or culture, acting on the body as much as on the mind, and rendering death and loss more acutely than any other medium. This groundbreaking approach established Camera Lucida as one of the most important books of theory on the subject, along with Susan Sontag's On Photography.",['Roland Barthes'],2010-10-12,['Photography'],6.0
Frommer's California 2005 (Frommer's Complete Guides),"You'll never fall into the tourist traps when you travel with Frommer's. It's like having a friend show you around, taking you to the places locals like best. Our expert authors have already gone everywhere you might go—they've done the legwork for you, and they're not afraid to tell it like it is, saving you time and money. No other series offers candid reviews of so many hotels and restaurants in all price ranges. Every Frommer's Travel Guide is up-to-date, with exact prices for everything, dozens of color maps, and exciting coverage of sports, shopping, and nightlife. You'd be lost without us! Completely updated every year (unlike most of the competition), Frommer's Los Angeles features gorgeous full-color photos of the sights and experiences that await you in the City of Angels. Frommer's hits all the highlights, from Hollywood to Malibu, and is on top of the latest developments in this ever-changing city. Our guide is simply much more complete and authoritative than its major competitor. Our author, a lifelong resident, has checked out all the city's best hotels and restaurants in person, and offers honest opinions that will help you find the choices that suit your tastes and budget. You'll also get up-to-the-minute coverage of shopping and nightlife; fun features on everything from celebrity spotting to becoming a TV game-show contestant; in-depth coverage of all the best beaches; excellent maps; and side trips to Disneyland, Santa Barbara, and Palm Springs. Exploring L.A. has never been this fun! Frommer's Los Angeles also includes a color fold-out map and an online directory that makes trip-planning a snap.",['Matthew Poole'],2004-09-17,['Travel'],
Jump-Off Creek,"A widowed homesteader is determined to make a life in the unforgiving mountains of late 19th century Oregon in this “powerful novel of struggle and loss” (Dallas morning News). Acclaimed author Molly Gloss drew on pioneer diaries and old family stories to write this modern Western classic of a solitary woman’s frontier life. In the 1890s, Lydia Sanderson leaves her old life behind and journey’s to Jump-Off Creek to make her way as a homesteader. Enduring the hardships and deprivations of Oregon’s high mountain country, Lydia finds both courage and community in her determination to survive. This “unsparing portrait of pioneer life, recounted simply and without romanticism” displays an “intimate understanding of the harsh physical conditions” of the Western frontier, as well as the methods and practices that made such conditions livable (Publishers Weekly).",['Molly Gloss'],2014-05-20,['Fiction'],8.0
Winter Count,"The death song of the white buffalo...a snowfall of herons alighting on a New York street...A mystic who makes stones rise from the desert floor...the startling disappearance of a river....""Winter Count"" consists of nine intoxicating tales of revelation, singular recorded moments of clarity, magic and overwhelming truth, from the National Book Award-winning author of Arctic Dreams and recipient of the John Burroughs Medal for distinguished natural history writing. Copyright © Libri GmbH. All rights reserved.",['Barry Holstun Lopez'],1993,['Nature'],2.0
A Short History of Ethics: A History of Moral Philosophy from the Homeric Age to the Twentieth Century,A Short History of Ethics has over the past thirty years become a key philosophical contribution to studies on morality and ethics. Alasdair MacIntyre writes a new preface for this second edition which looks at the book 'thirty years on' and considers its impact. A Short History of Ethics guides the reader through the history of moral philosophy from the Greeks to contemporary times. MacIntyre emphasises the importance of a historical context to moral concepts and ideas showing the relevance of philosophical queries on moral concepts and the importance of a historical account of ethics. A Short History of Ethics is an important contribution written by one of the most important living philosophers. Ideal for all philosophy students interested in ethics and morality.,['Alasdair MacIntyre'],2003-07-08,['Philosophy'],
The Starter Marriage: A Novel,"The Starter Marriage and the Future of Matrimony is a pioneering study of first marriages lasting five years or less and ending without children, and of the changing face of matrimony in America. According to the brilliant trend analyst and journalist Pamela Paul, “It’s easy to conclude that the starter marriage trend bodes ill for the state of marriage. After all, we’re getting married, screwing it up, and divorcing—a practice that certainly isn’t strengthening our sense of trust, family, or commitment. But though starter marriages seem like a grim prospect, there is also an upside. For one thing, if people are going to divorce, better to do so after a brief marriage in which no children suffer the consequences.” But are there other consequences of starter marriages? And what causes these marriages to fail in the first place? In today’s matrimania culture, weddings, marriage, and family are clearly goals to which most young Americans aspire. Why are today’s twenty- and thirtysomethings—the first children-of-divorce generation—so eager to get married, and so prone to failure? Are Americans today destined to jump in and out of marriage? At a time when marriage at age twenty-five can mean a sixty-year active commitment, could “serial marriages” be the wave of the future? Drawing on more than sixty interviews with starter marriage veterans and on exhaustive re-search, Pamela Paul explores these questions, putting the issues into social and cultural perspective. She looks at the hopes and motivations of couples marrying today, and examines the conflict between our cultural conception of marriage and the society surrounding it. Most important, this lively and engaging narrative examines what the starter marriage trend means for the future of matrimony in this country—how and why we’ll continue to marry in the twenty-first century.",['Pamela Paul'],2002-04-09,['Social Science'],1.0
Image-Music-Text,"The photographic message.-- Rhetoric of the image.-- The third meaning.-- Diderot, Brecht, Eisenstein.-- Introduction to the structural analysis of narratives.-- The struggle with the angel.-- The death of the author.-- Musica practica.-- From work to text -- Change the object itself -- Lesson in writing -- The grain of the voice -- Writers, intellectuals, teachers.","['Roland Barthes', 'Stephen Heath']",1978-07-01,['Literary Criticism'],
Japanese Art of Reiki,"Reiki techniques originated in Japan, in an intensely spiritual period of that country's history. This fully-illustrated book traces the system's evolution from a spiritual self-development system to a direct hands-on practice. The journey moves from Japan to the USA, out to the world, and back to Japan. Focussing on the basic elements in their historical context, this guide contains beautifully grounded information that captures a unique sense of the system's traditional Japanese roots. The clarity and accessibility of the teachings in the book redefine and strengthen the concept of Reiki as it is practised today.",['Stiene'],2010-05-11,"['Body, Mind & Spirit']",
Assassin of Gor,"Welcome to Gor, a parallel Earth where social norms are exotic and the way of life is brutal. In the fifth book in the Gorean Saga, the deadly assassin Kuurus is intent on a bloody mission of vengeance. His adventure takes him from the caste of the pleasure‑slaves, who are rigorously trained in the rules and techniques of sexual ecstasy, to the brutal arenas where humans participate in deadly hand‑to‑hand combat. He witnesses violence, conflict, and uncertainty, as the inhabitants of Counter‑Earth are forced to confront their destinies . . . no matter how exalted or debased. Rediscover this brilliantly imagined world where men are masters and women live to serve their every desire.",['John Norman'],2014-05,['Fiction'],
Betrayed,"Kundera's essay has been written like a novel. In the course of nine separate sections, the same characters meet and cross paths with each other. Stravinsky and Kafka with their odd friends Ansermet and Brod; Hemingway with his biographer; Janácek with his little nation; and Rabelais with his heirs - the great novelists. In the light of their wisdom this book examines some of the great situations of our time. The moral trial of the twentieth century's art, from Celine to Mayakovsky; the passage of time which blurs the boundaries between the 'I' of the present day and the 'I' of the past; modesty as an essential concept in an age based on the individual and indiscretion which, as it becomes the habit and the norm, heralds the twilight of individualism; the testaments, the betrayed testaments - of Europe, of art, of the art of the novel and of artists.",['Milan Kundera'],2020-11-09,['Literary Collections'],2.0
Journey,"After we’ve come to faith in Christ, God leaves us in this world for a very clear purpose: his own glory. But how are we to glorify God for the rest of our lives? The Bible reveals that God has laid before every Christian two infinite journeys which we are to travel every day: the internal journey of growth into Christlike maturity, and the external journey of worldwide evangelism and missions. This book is a road map for the internal journey, laying out how we are to grow in four major areas: knowledge, faith, character, and action. In this book, we’ll learn how God grows us in knowledge, faith, character, and action. We’ll also discover that spiritual knowledge constantly feeds our growing faith, faith will transform our character, our transformed character will result in an array of actions more and more glorifying to God, and our actions will feed our spiritual knowledge. This upward spiral will lead us to become more and more like Jesus Christ in holiness. And not only will this book help us understand Christian growth in detail, it will also give us a passion to grow every day for his glory.",['Dr. Andrew M. Davis'],2014-01-09,['Religion'],
Embroidered Treasures for Children,"Cuddly animals frisking along a crisp cotton sheet... Delicate flowers dancing across a soft flannel blanket... A rosy-faced rag doll... A jolly pirate puppet... All the innocence and joy of childhood are captured in the charming projects gathered in Embroidered Treasures for Children. Featuring easy-to-follow, step-by-step instructions and illustrated with beautiful color photographs, this collection offers crafters of all levels 22 adorable projects to make for the babies and children in their lives. Some of the fresh, contemporary projects in the book can be completed in a day or two and are perfect for the novice, while other, more difficult pieces will be both fun and challenging for experienced embroiderers. A basic techniques section ensures satisfying results for all. From a whale-and-dolphin beach bag to so-soft slippers, each project is sure to delight both the adult who makes it and the child who uses it. Creating such a treasure is a gesture of love, one that will be cherished by the young recipient forever.",['Claire Garland'],2005-11-01,['Crafts & Hobbies'],
A Woman of Substance,The unputdownable multi-million copy bestseller charting the rags to riches story of Emma Harte,['Barbara Taylor Bradford'],2009-11-12,['Fiction'],10.0
Communication and Concurrency (Prentice Hall International Series in Computer Science),Mathematics of Computing -- Parallelism.,['Robin Milner'],1989,['Mathematics'],
Have You Got My Purr?,"Little Kitten's purr is missing! So Little Kitten sets off in search of it on the farm. Cow hasn't got it and neither has Sheep. Wherever can it be? My First Storybooks are perfect for reading aloud andsharing with your special little one. With simple, easy-to-follow stories,these shiny, padded-cover books introduce fun vocabulary and have bright engagingpictures throughout.","['Judy West', 'Tim Warnes']",2014-05-05,['Animal sounds'],3.0
Unit Origami: Multidimensional Transformations,"With more than 250 projects of many different types and levels of difficulty, this bestselling, encyclopedic work contains traditional and modern paper-folding methods, and includes folds for the beginner and works calculated to challenge the experts.",['Kunihiko Kasahara'],1998,['Cooking'],
"American Theocracy: The Peril and Politics of Radical Religion, Oil, and Borrowed Money in the 21stCentury","An explosive examination of the coalition of forces that threatens the nation, from the bestselling author of American Dynasty In his two most recent bestselling books, American Dynasty and Wealth and Democracy, Kevin Phillips established himself as a powerful critic of the political and economic forces that rule—and imperil—the United States, tracing the ever more alarming path of the emerging Republican majority’s rise to power. Now Phillips takes an uncompromising view of the current age of global overreach, fundamentalist religion, diminishing resources, and ballooning debt under the GOP majority. With an eye to the past and a searing vision of the future, Phillips confirms what too many Americans are still unwilling to admit about the depth of our misgovernment.",['Kevin Phillips'],2006-03-21,['Political Science'],17.0
Dress Your Family in Corduroy and Denim,"'No one has a turn of phrase like David Sedaris. This series of essays about his life and family is a joy from start to finish' Adam Kay David Sedaris plays in the snow with his sisters. He goes on vacation with his family. He gets a job selling drinks. He attends his brother's wedding. He mops his sister's floor. He gives directions to a lost traveller. He eats a hamburger. He has his blood sugar tested. It all sounds so normal, doesn't it? In his new book David Sedaris lifts the corner of ordinary life, revealing the absurdity teeming below its surface. His world is alive with obscure desires and hidden motives - a world where forgiveness is automatic and an argument can be the highest form of love. Dress Your Family in Corduroy and Denim finds one of the wittiest and most original writers at work today at the peak of his form.",['David Sedaris'],2010-09-16,['Humor'],116.0
The Other Boleyn Girl,"The daughters of a ruthlessly ambitious family, Mary and Anne Boleyn are sent to the court of Henry VIII to attract the attention of the king, who first takes Mary as his mistress, in which role she bears him an illegitimate son, and then Anne as his wife. Reprint. 250,000 first printing. (A Columbia Pictures film, written by Peter Morgan, directed by Justin Chadwick, releasing Fall 2007, starring Natalie Portman, Scarlett Johansson, Eric Bana, and others) (Historical Fiction)",['Philippa Gregory'],2008-01-22,['Fiction'],285.0
"Karmic Palmistry: Explore Past Lives, Soul Mates, & Karma","Readers will learn how to determine their individual karmic cycle, discover ways to maximize the quality of their life, explore past lives, choose a satisfying career, find soul mates, and assure a happier future through palm reading. 66 illustrations.",['Jon Saint-Germain'],2003,"['Body, Mind & Spirit']",
Inventing the 20th Century: 100 Inventions That Shaped the World,"Dishwashers, electric light bulbs, gramophones, motion picture cameras, radios, roller skates, typewriters. While these inventions seem to speak of the 20th century, they all in fact date from the 19th century. The Victorian age (1837-1901) was a period of enormous technological progress in communications, transport, and many other areas of life. Illustrated by the original patent drawings from The British Library's extensive collection, this attractive book chronicles the history of the one hundred most important, innovative, and memorable inventions of the 19th century. The vivid picture of the Victorian age unfolds as inventions from the ground-breaking—such as aspirin, dynamite, and the telephone—to the everyday—like blue jeans and tiddlywinks—are revealed decade by decade. Together they provide a vivid picture of Victorian life. This follow-up volume to Stephen van Dulken’s acclaimed Inventing the 20th Century will be compelling reading to anyone interested in inventors and the “age of machines.” From the cash register to the safety pin, from the machine gun to the pocket protector, and from lawn tennis to the light bulb, Inventing the 19th Century is a fascinating, illustrative window into the Victorian Age.",['Stephen van Dulken'],2006-11-01,['History'],
Adventures at Tall Oaks: New Friends,"A fantasy book about two siblings without any special powers, who find adventures in their back yard when there is a power outage at their house. They build a tree house, cross an ocean-size puddle, find names for dwarf elephants, and do many other things any 4-12 year old can do in his/her own back yard. High quality paper, big font, colorful illustrations. Read it to your younger children, a 6 year old will be able to read on his/her own. Old values, gentle humor and a lot of imagination. Fun for both parents and children.",['Elena Pavlova'],2004-08-01,['Juvenile Fiction'],
Dark Carnival,,['Ray Bradbury'],2001-10-01,['Fiction'],1.0
Complying with the Americans with Disabilities Act in Maine,,"['Patricia M. McDonough', 'Linda D. McGill', 'Harry R. Pringle']",1991,['Discrimination against people with disabilities'],
"Lord Jim,: A tale (The works of Joseph Conrad. The uniform ed)","Writing near the peak of the British Empire, Conrad drew on the national experiences of his native Poland—during nearly all his life, parceled out among three occupying empires—and on his own experiences in the French and British merchant navies, to create short stories and novels that reflect aspects of a European-dominated world—including imperialism and colonialism—and that profoundly explore the human psyche. Conrad is considered a literary impressionist by some and an early modernist by others, though his works also contain elements of 19th-century realism. His narrative style and anti-heroic characters have influenced numerous authors. Many dramatic films have been adapted from and inspired by his works. Numerous writers and critics have commented that his fictional works, written largely in the first two decades of the 20th century, seem to have anticipated later world events. The Novels and Novellas ALMAYER’S FOLLY AN OUTCAST OF THE ISLANDS THE NIGGER OF THE NARCISSUS LORD JIM THE INHERITORS TYPHOON HEART OF DARKNESS ROMANCE NOSTROMO THE SECRET AGENT UNDER WESTERN EYES CHANCE VICTORY THE SHADOW-LINE THE ARROW OF GOLD THE RESCUE THE NATURE OF A CRIME THE ROVER SUSPENSE The Short Stories THE BLACK MATE THE IDIOTS THE LAGOON AN OUTPOST OF PROGRESS THE RETURN KARAIN: A MEMORY YOUTH FALK AMY FOSTER TO-MORROW THE END OF THE TETHER GASPAR RUIZ THE INFORMER THE BRUTE AN ANARCHIST THE DUEL IL CONDE A SMILE OF FORTUNE THE SECRET SHARER FREYA OF THE SEVEN ISLES PRINCE ROMAN THE PLANTER OF MALATA THE PARTNER THE INN OF THE TWO WITCHES BECAUSE OF THE DOLLARS THE WARRIOR'S SOUL THE TALE The Memoirs THE MIRROR OF THE SEA A PERSONAL RECORD Collected Essays",['Joseph Conrad'],2022-07-11,['Fiction'],
"Gather, Darkness!","From a Grand Master of Science Fiction and Fantasy: In a post-apocalyptic future, a priest must fight the forces of evil in order to bring freedom to humanity. Three-hundred and sixty years after a nuclear holocaust ravaged mankind, the world is fraught with chaos and superstition. Endowed with scientific knowledge lost to the rest of humanity, Techno-priests of the Great God now rule. Jarles, originally of peasant descent, rises to become a priest of the Great God. He knows that the gospel is nothing but trickery propagated by non-believers. One day, he defies his priestly training and attempts to incite the peasants to rebel—but Jarles is not the only dissenter trying to bring down the priesthood—witchcraft is slowly gaining strength and support among the populace. Little does Jarles know his rebellion is about to throw him headlong into the middle of the greatest holy war the world has ever seen.",['Fritz Leiber'],2014-04-01,['Fiction'],5.0
The long season,A National League pitcher records his experience during one championship season,['Jim Brosnan'],1983,['Sports & Recreation'],2.0
Mother India,"A new edition of Mayo's controversial 1927 book, with commentary that sheds new light on Indian nationalism of this period",['Katherine Mayo'],2000,['History'],1.0
"Killer on the Loose, The True Story of Serial Killer Raymond Lee Stewart",,['Greg Kelly'],1999-02-01,['True Crime'],
"Vocabulary Workshop Test Booklet, Form B (Level F)",,"['Jerome Shostak', 'William H. Sadlier Staff']",2002-06-30,['Education'],
Race for the World: Strategies to Build a Great Global Firm,,['Lowell et al Bryan'],1999,,
Death At The Crossroads,"Matsuyama Kaze is a ronin, or masterless samurai. Kaze must travel across Japan until he fulfills a promise made to his dying Lord and Lady -- to find their nine-year-old daughter.",['Dale Furutani'],1999,['Japan'],3.0
"Or hara'ayon = The Jewish Idea, Volume 2, indexes to both volumes","Or Hara'ayon - The Jewish Idea More than an other book written by Rabbi Meir Kahane, Or Hara'ayon, The Jewish Idea, expresses the axioms which were the essence of his being. When a terrorist put an end to his life in 1990, he was in the process of completing this major work. The fundamentals of Jewish faith which he set forth in this volume, such as humility, faith and trust, kindness, revenge, self-sacrifice, and sanctifying G-d's name, were not abstract theories but the day-to-day guidelines of his life.While most widely known for his Jewish activism and controversial beliefs, The Jewish Idea reveals the erudite scholarship and mastery of Torah which was the source of Rabbi Kahane's untiring activities.The novelty of The Jewish Idea is not in the newness of the topics discussed, but rather in the unique manner in which they are presented. The total, unreserved compliance to G-d's will without any personal considerations, and the willingness to sacrifice for the Jewish People, permeate each and every chapter of the book. Originally written in a rich Hebrew, and culled from the holy words of the Torah, the Talmud, the Midrash and commentaries, the book was first published posthumously in Israel by the Institute for Publication of the Writings of Rabbi Meir Kahane. The Jewish Idea will surely take its place in the library of outstanding Torah thought.",['Meir Kahane'],2013-03-06,,
The Hustons,"In this candid biography Lawrence Grobel chronicles the remarkable story of the Huston family, which boasts three Oscar winners, from Walter to John to Anjelica, with particular attention to the rich career and tumultuous personal life of director/actor John Huston (1906-1987). This updated edition covers Anjelica's stormy relationship with Jack Nicholson, her liberating marriage to artist Robert Graham, the exploits of her brothers Tony and Danny, the mysterious silence of Maricela, John's last love interest and more. Skyhorse Publishing, along with our Arcade, Good Books, Sports Publishing, and Yucca imprints, is proud to publish a broad range of biographies, autobiographies, and memoirs. Our list includes biographies on well-known historical figures like Benjamin Franklin, Nelson Mandela, and Alexander Graham Bell, as well as villains from history, such as Heinrich Himmler, John Wayne Gacy, and O. J. Simpson. We have also published survivor stories of World War II, memoirs about overcoming adversity, first-hand tales of adventure, and much more. While not every title we publish becomes a New York Times bestseller or a national bestseller, we are committed to books on subjects that are sometimes overlooked and to authors whose work might not otherwise find a home.",['Lawrence Grobel'],2014-07-01,['Performing Arts'],
"Peter the Great, (Makers of history)",,['Jacob Abbott'],1887,['Russia'],1.0
Murder in Georgetown,"When one of journalism professor George Albert Brown's senior students is murdered, the others, determined to find the killer themselves, turn up clues of their own--including a tie to the South African government",['Margaret Truman'],1987,['Fiction'],1.0
Glastonbury: The Novel of Christian England,"This epic fictional portrayal of the indomitable faith of Christian England sweeps through 1,500 years of tumultuous history from the birth of Christ to the events leading to the Reformation. Copyright © Libri GmbH. All rights reserved.",['Donna Fletcher Crow'],1992,['Fiction'],2.0
Looking Backward,Complete and unabridged paperback edition.,['Edward Bellamy'],2021-02-22,,
Dinosaur Wars: Counterattack,"Now humans are the endangered species. Intelligent dinosaurs have returned from outer space to claim their home world—our world!Wolf biologist Chase Armstrong and rancher's daughter Kit Daniels are at the center of the action again as war for domination of the earth continues. The Kra, dinosaurian invaders from space, have no place for humanity—except on the menu!An action-packed adventure story, COUNTERATTACK is filled with huge beasts of the past, intelligent dinosaurs, US tanks and submarines, and two young heroes who may find love—if they survive long enough! Action, start-to-finish, with well researched dinosaurs. A fun read, good for all ages.",['Thomas P. Hopp'],2014-01-11,['Fiction'],
The magic flute,"A comprehensive guide to Mozart's THE MAGIC FLUTE, featuring insightful and in depth Commentary and Analysis, a complete, newly translated Libretto with German/English translation side-by side, and over 30 music highlight examples.","['Wolfgang Amadeus Mozart', 'Burton D. Fisher']",2005-07-01,['Music'],
The Golden Ocean,,"[""Patrick O'Brian""]",1970,,1.0
"The Yellow Admiral: Aubrey/Maturin Series, Book 18","""There are those already planning this afternoon's trip to the bookstore. Their only reaction is: Thank god, Patrick O'Brian is still writing. To you, I say, not a moment to lose.""—John Balzar, Los Angeles Times Life ashore may once again be the undoing of Jack Aubrey in The Yellow Admiral, Patrick O'Brian's best-selling novel and eighteenth volume in the Aubrey/Maturin series. Aubrey, now a considerable though impoverished landowner, has dimmed his prospects at the Admiralty by his erratic voting as a Member of Parliament; he is feuding with his neighbor, a man with strong Navy connections who wants to enclose the common land between their estates; he is on even worse terms with his wife, Sophie, whose mother has ferreted out a most damaging trove of old personal letters. Even Jack's exploits at sea turn sour: in the storm waters off Brest he captures a French privateer laden with gold and ivory, but this at the expense of missing a signal and deserting his post. Worst of all, in the spring of 1814, peace breaks out, and this feeds into Jack's private fears for his career. Fortunately, Jack is not left to his own devices. Stephen Maturin returns from a mission in France with the news that the Chileans, to secure their independence, require a navy, and the service of English officers. Jack is savoring this apparent reprieve for his career, as well as Sophie's forgiveness, when he receives an urgent dispatch ordering him to Gibraltar: Napoleon has escaped from Elba.","[""Patrick O'Brian""]",2011-12-05,['Fiction'],9.0
Journey in Ladakh,"Now considered a classic among readers interested in Tibetan Buddhism and pilgrimages of the spirit of all kinds, A Journey in Ladakh is Andrew Harvey's spiritual travelogue of his arduous journey to one of the most remote parts of the world--the highest, least populated region in India, cut off by snow for six months each year. Buddhists have meditated in the mountains of Ladakh since three centuries before Christ, and it is there that the purest form of Tibetan Buddhism is still practiced today.",['Andrew Harvey'],1983,['Biography & Autobiography'],3.0
The Grace of Repentance (Today's Issues),Provides a biblical definition of repentance and details implications for evangelical churches. Ferguson outlines steps to return to a biblical understanding of the doctrine. Now redesigned.,['Sinclair B. Ferguson'],2011-04,['Religion'],2.0
Yours Until Dawn,"Was she an angel of mercy or the devil in disguise? Gabriel Fairchild's valor during the Battle of Trafalgar earns him the title of hero, but costs him his hope for the future. Abandoned by the fiancée he adored, the man who once walked like a prince among London's elite secludes himself in his family's mansion, cursing his way through dark days and darker nights. Prim nurse Samantha Wickersham arrives at Fairchild Park to find her new charge behaving more like a beast than a man. After their first fiery confrontation, she engages the arrogant earl in a hilarious battle of both wit and wills. Although he pronounces her a “tart, vinegary creature without an ounce of womanly softness about her”, he is secretly intrigued by her dry sense of humor, her lack of pity, and the bold way she brooks no nonsense from him. Whenever she is near, he feels the stirrings of a desire he never thought he would feel again. As Samantha begins to let the light back into Gabriel's life and his heart, they both discover that some pleasures are best explored in the dark. Book 1 of the ROGUES AND GENTLEMEN series, which includes Yours Until Dawn, Thief of Hearts, Once an Angel and Nobody’s Darling “A crisp, bright tale…as finely written as Medeiros’s best novels.”—Publishers Weekly “Absolutely marvelous! Medeiros’s writing is pure magic. Will keep you reading until the wee hours of the morning.”—Historical Romance Club “Ms. Medeiros is at the top of her game with this stellar romance. A wonderful read!”—The Best Reviews “Five Hearts—a definite keeper. Medeiros does everything right in Yours Until Dawn!”—The Oakland Daily Press “A superbly written romance…one of those stories that you don’t want to end!”—America Online Romance Fiction Forum ENGLISH LANGUAGE EDITION Regency romance, Nobility romance, Beauty and the Beast",['Teresa Medeiros'],2013-05-29,['Fiction'],14.0
Prisoners' Self-Help Litigation Manual,"Clear, comprehensive, practical advice provides prisoners with everything they need to know on conditions of confinement, civil liberties in prison, procedural due process, the legal system, how to litigate, conducting effective legal research, and writing legal documents. This new edition is updated to include the most relevant prisoners' rights topics and approaches to litigation, types of legal remedies, and how to effectively use those remedies.","['John Boston', 'Daniel E. Manville']",2010,['Law'],
The Basque Kitchen: Tempting Food from the Pyrenees,"""To know how to eat is to know enough.""-- Old Basque Saying Nestled among the Pyrenees, on both sides of the French-Spanish border, the Basque country is renowned as much for its fine culinary traditions as for its rugged terrain and the independent spirit of its people. Basque cooks are widely considered among the best in Europe, combining their love of fresh, simple ingredients with time-honored techniques. The joy of cooking and eating are central to Basque culture. In San Sebastián and throughout the region, men belong to cooking clubs, dedicated to the preservation of their outstanding cultural and culinary heritage. Outside the cooking societies, simple family meals turn into feasts of mammoth proportions, and everywhere conversation invariably turns to good food and the pursuit of it. The Basque Kitchen, lusciously illustrated with photographs of the Basque region as well as its famous dishes, is the first major cookbook to explore Basque cooking on both sides of the border. Basque native Gerald Hirigoyen, named one of America s best chefs by Food & Wine magazine, celebrates the food and memories of his beloved homeland. He shares recipes for his favorite Basque specialties, from traditional renditions of Salt Cod ""al Pil-Pil"" and Pipérade to sumptuous soups, salads, meat, poultry, game, and of course, more seafood, all built on a bounty of fresh ingredients and carefully presented for the home cook. Hirigoyen's splendid interpretations have made his two San Francisco restaurants, Fringale and Pastis, critical favorites.","['Gerald Hirigoyen', 'Cameron Hirigoyen']",1999-04-21,['Cooking'],1.0
Kundalini from Hell to Heaven,Guidance for both those with awakened kundalini and for those seeking enlightenment. Description of signs and symptoms of kundalini awakening and descriptive stories of those going through the process.This is not a book giving kundalini yoga instruction - the author spent 30 years going through the process until its completion with self-realization in 1999.,['Ganga Karmokar'],2021-09-06,,
The Elements of Style Illustrated,"""So friendly, so classic, so delightful . . . Kalman has taken 'the little book' and made it even more elegant and uplifting."" —Los Angeles Times The only style manual to ever appear on a bestseller list now refreshed by one of our most beloved illustrators Every English writer knows Strunk and White's The Elements of Style. The book’s mantra, make every word tell, is still on point. This much-loved classic, now in its fourth edition, will forever be the go-to guide when in need of a hint to make a turn of phrase clearer or a reminder on how to enliven prose with the active voice. The only style manual to ever appear on bestseller lists has explained to millions of readers the basic principals of plain English, and Maira Kalman’s fifty-seven exquisite illustrations give the revered work a jolt of new energy, making the learning experience more colorful and clear.","['William Strunk, Jr.', 'E. B. White']",2007-08-28,['Language Arts & Disciplines'],33.0
Listener Supported: The Culture and History of Public Radio,"Shares with public radio listeners the story of the medium, as told by one who was instrumental in its development and success.",['Jack W. Mitchell'],2005,['Language Arts & Disciplines'],
The God of Two Testaments,,['Robert Brent Graves'],1977,['God'],
ONE FEARFUL YELLOW EYE,"""To diggers a thousand yeasrs from now...the works of John D. MacDonald would be a treasure on the order of the tomb of Tutankhamen."" Kurt Vonnegut, Jr. How to you extort $600,000 from a dying man? Someone had done it very quietly and skilfully to the husband of Travis McGee's ex-girlfriend. McGee flies to Chicago to help untangle the mess and discovers that although Dr. Fortner Geis had led an exemplary life, there were those who'd take advantage of one ""indiscretion"" and bring down the whole family. McGee also discovers he likes a few members of the family far too much to let that happen....",['John D. MacDonald'],1987,['Fort Lauderdale (Fla.)'],2.0
"Another Day, Another Dungeon (Cups and Sorcery, Book 1)","Science fiction constitutes one of the largest and most widely read genres in literature, and this reference provides bibliographical data on some 20,000 science fiction, fantasy, and horror fiction books, as well as nonfiction monographs about the literature. A companion to Reginald's Science Fiction and Fantasy Literature, 1700-1974 (Gale, 1979), the present volume is alphabetically arranged by approximately 10,000 author names. The entry for each individual work includes title, publisher, date and place published, number of pages, hardbound or paperback format, and type of book (novel, anthology, etc.). Where appropriate, entries also provide translation notes, series information, pseudonyms, and remarks on special features (such as celebrity introductions). Includes indexes of titles, series, awards, and ""doubles"" (for locating volumes containing two novels). Annotation copyright by Book News, Inc., Portland, OR.","['R. Reginald', 'Mary Wickizer Burgess', 'Daryl Furumi Mallett']",1992,['Authors'],
Hell at Tassafaronga,,['Herbert C. Brown'],2001,['History'],
"Lure, The",,['Yuan Gao'],1991,['Management'],
Ten Days That Shook the World,"John Reed, an American journalist and revolutionary writer and a close friend of Lenin and was an eyewitness to the 1917 revolution in Russia. Ten Days That Shook the World is Reed's extraordinary record of that event. Writing in the first flush of revolutionary enthusiasm, he gives a gripping account of the events in Petrograd in November 1917, when Lenin and the Bolsheviks finally seized power. Containing verbatim reports both of speeches by leaders and of the chance comments of bystanders, and set against an idealized backdrop of soldiers, sailors, peasants, and the proletariat uniting to throw off oppression, Reed's account is the product of passionate involvement and remains an unsurpassed classic of reporting. ‘Ten Days That Shook the World’ is a must read for those interested in the socialistic movement and how it shaped Russian history.","['John Reed', 'General Press']",2020-10-08,['History'],17.0
Traitor's Kiss,"In a historically inspired fantasy realm, the apprentice to a matchmaker becomes a spy for the army to uncover a treasonous plot and finds herself entangled in a romance with a soldier. ""One of the most hotly anticipated young adult fantasy reads of 2017.” —Bustle ""An action-packed, expertly plotted story, drenched in double crosses and intrigue, with an irresistible heroine and a sweet and sexy romance.” —Publishers Weekly, starred review An obstinate girl who will not be married. A soldier desperate to prove himself. A kingdom on the brink of war. What makes her unfit to be a lady, makes her a brilliant spy—but can she spot another? With a sharp tongue and an unruly temper, Sage Fowler is not what they’d call a lady—which is perfectly fine with her. Deemed unfit for marriage, Sage is apprenticed to a matchmaker and tasked with wrangling other young ladies to be married off for political alliances. She spies on the girls—and on the soldiers escorting them. As the girls' military escort senses a political uprising, Sage is recruited by a handsome soldier to infiltrate the enemy ranks. The more she discovers as a spy, the less certain she becomes about whom to trust—and Sage becomes caught in a dangerous balancing act that will determine the fate of her kingdom. With secret identities and a tempestuous romance, Erin Beaty's YA novel, The Traitor’s Kiss, is a classic story with an espionage twist. An Imprint Book Praise for The Traitor's Kiss: ""Marital and martial matters collide when brides and spies become ensnared in a treasonous plot. . . . Sage is a clever, contrary female protagonist who remains realistic and likable, while her fellow protagonist Ash is enigmatic enough to require a second read. . . . Both epic and intimate, a semi–old-fashioned alternative to the wave of inexplicably lethal superheroines and their smoldering love triangles."" —Kirkus Reviews ""This is an action-packed, expertly plotted story, drenched in double crosses and intrigue, with an irresistible heroine and a sweet and sexy romance. A late-breaking twist gives way to a final act that will leave readers eager for subsequent books in this planned trilogy."" —Publishers Weekly , starred review ""Complex characterization, deftly layered adventure story, and [a] balanced blend of political maneuvering, romantic interludes, and action scenes."" —Kirkus Reviews ""Beaty balances a taut web of deceit . . . readers will be carried away by the mystery."" —The Bulletin of the Center for Children’s Books (BCCB) ""A debut novel that blends fantasy, romance, and battlefield action. . . . A slow burn YA fantasy with clever genre mixing."" —School Library Journal",['Erin Beaty'],2018-05-08,['Young Adult Fiction'],4.0
The Nursing Mother's Companion,"Breastfeeding is natural, but it is not entirely instinctive for either mothers or babies. The Nursing Mother’s Companion has been among the best-selling books on breastfeeding for over 30 years, with over 1 million copies sold. It is respected and recommended by professionals, including The International Lactation Consultant Association, T. Berry Brazelton and The American Academy of Pediatrics, and is well loved by new parents for its encouraging and accessible style. Kathleen Huggins equips breastfeeding mothers with all the information they need to overcome potential difficulties and nurse their babies successfully from the first week through the toddler years, or somewhere in between. This fully updated and revised edition provides information on topics such as: • Benefits of breastfeeding • How to cope with breastfeeding obstacles and challenges • Incorporating a nursing routine into working life • Treating postpartum headaches and nausea • Nutritional supplements to alleviate postpartum depression • Sharing a baby with baby (co-sleeping) and the risk of SIDS • Introducing solid foods • Expressing, storing, and feeding breast milk • Reviews of breast pumps Readers will also find Huggins’s indispensable problem-solving “survival guides,” set off by colored bands on the pages for quick reference, as well as appendices on determining baby’s milk needs in the first six weeks and the safety of various drugs during breast-feeding. In addition, this edition opens with a new Foreword by Jessica Martin-Weber, creator of the very popular website The Leaky Boob and a new Preface by Kelly Bonata, creator of the go-to site KellyMom. These two much-loved authorities speak to the importance of owning an authoritative breastfeeding book that cuts through the jumble of opinions, information, and misinformation on the Web. Now more than ever, The Nursing Mother’s Companion is the go-to guide every new mother should have at hand.",['Kathleen Huggins'],2015-04-14,['Health & Fitness'],
The Encyclopedia of Counseling: Complete Set of Book and Tapes,,['Howard Rosenthal'],2002,['Psychology'],
The Case Of The Long-Legged Models,,['Erle Stanley Gardner'],1975,,3.0
Dictionary of Economics (Oxford Paperback Reference),"This authoritative and comprehensive dictionary contains clear, concise definitions of approximately 3,500 key economic terms. Covering all aspects of economics including economic theory and policy, applied microeconomics and macroeconomics, labour economics, public economics and public finance, monetary economics, and environmental economics, this is the essential reference work in this area. The new edition of this dictionary has been updated to include entries on China, India, and South America, to reflect the increase in prominence of these regions in the global economy. There is strong coverage of international trade and many entries on economic organizations and institutions from around the world. Fully revised to keep up-to-date with this fast-moving field, this new edition expands the coverage to include entries such as ""austerity measures,"" ""General Anti Abuse Rule,"" ""propensity score matching,"" and ""shadow bank."" Entries are supplemented by entry-level web links, which are listed and regularly updated on a companion website, giving the reader the opportunity to explore further the areas covered in the dictionary. Useful appendices include a list of institutional acronyms and their affiliated websites, a list of Nobel prize-winners in economics, the Greek alphabet, and a list of relevant websites. As ideal for browsing as it is useful for quick reference, this dictionary remains an essential guide for students and teachers of economics, business, and finance, as well as for professional economists and anyone who has to deal with economic data.","['Nigar Hashimzade', 'Gareth Myles', 'John Black']",2017-01-12,['Business & Economics'],
Lifting the White Veil: An Exploration of White American Culture in a Multiracial Context,"What does it mean to be white in America, and why is it important to know? Drawing on both scholarly and personal sources, the author discusses the history, characteristics, and psychology of white American culture. He explains how white Americans exist in a multicultural context, and offers suggestions how they can work for a society based on multiracial justice and equality. Written in a clear, simple, engaging and informative style for the educated reader.",['Jeff Hitchcock'],2002,['Social Science'],
Flip-Flopped: A Novel,"Two best friends ponder over and partake in summer's seemingly endless possibilities. There's fun to be had at the sunny shore, fireworks to watch, and amusement parks to visit. This Step 1 story has big type and easy words, rhyme and rhythm, and picture clues.",['Dana M. Rau'],2011-05-24,['Juvenile Fiction'],
An Introduction to Second Language Acquisition Research (Applied Linguistics and Language Study),"Understanding how people learn and fail to learn second and foreign languages is increasingly recognised as a critical social and psycholinguistic issue. Second languages are vitally important to diverse groups of people, ranging from refugees to college students facing foreign language requirements. This book provides a synthesis of empirical findings on second and foreign language learning by children and adults, emphasising the design and execution of appropriate research.","['Diane Larsen-Freeman', 'Michael H. Long']",2016-04-27,,
An Enemy of the People,"THE STORY: A small Norwegian town has just begun to win fame and wealth through its medicinal spring waters. Dr. Stockmann, resident physician in charge, discovers that the waters are poisoned. On receiving proof of this, he immediately reports to","['Arthur Miller', 'Henrik Ibsen']",1979,['Performing Arts'],1.0
Blood Test (Signet),"Psychologist Alex Delaware and his friend, homicide detective Milo Sturgis, investigate the disappearance of a gravely ill child and the murder of his parents, a search that leads to a reclusive religious cult and the discovery of hidden family secrets",['Jonathan Kellerman'],1986,['Fiction'],17.0
"Love, Groucho: Letters from Groucho Marx to His Daughter Miriam",Nearly 200 letters written by the legendary Marx to his daughter Miriam provide a rare glimpse of the complex man behind the mustache,"['Groucho Marx', 'Miriam Marx Allen']",2002,['Biography & Autobiography'],
"The Last Good Season: Brooklyn, the Dodgers, and Their Final Pennant Race Together","Traces the 1956 pennant win of the Brooklyn Dodgers, citing the regional and personal factors that contributed to their departure to Los Angeles, from the rapid urban changes that were taking place in Brooklyn, to owner Walter O'Malley's search for younger players, to power struggles with Robert Moses. Reprint.",['Michael Shapiro'],2004,['Sports & Recreation'],1.0
The collected poems of Wallace Stevens,"An essential book for all readers of poetry, and the definitive collection from the man Harold Bloom has called “the best and most representative American poet."" Originally published in 1954 to honor Stevens’s seventy-fifth birthday, the book was rushed into print for the occasion and contained scores of errors. These have now been corrected in one place for the first time by Stevens scholars John N. Serio and Christopher Beyers, based on original editions and manuscripts. The Collected Poems is the one volume that Stevens intended to contain all the poems he wished to preserve, presented in the way he wanted. It is an enduring monument to his dazzling achievement.",['Wallace Stevens'],2011-05-04,['Poetry'],
Clausewitz on Strategy: Inspiration and Insight from a Master Strategist,,"['Tiha von Ghyczy', 'Bolko von Oetinger', 'Christopher Bassford']",2002-03-14,['Business & Economics'],
Maximum Performance: Mopar Super Stock Drag Racing 1962-1969,"With an unparalleled, intimate knowledge of these cars--from the assembly line to the track--the author gives a profile of Mopar cars like no other.",['Jim Schild'],2006-01,['Transportation'],
When the Blooms Appear: Short Stories,,,,,
The Birth of the Republic 1763-89,"In The Birth of the Republic, 1763–89, Edmund S. Morgan shows how the challenge of British taxation started Americans on a search for constitutional principles to protect their freedom, and eventually led to the Revolution. By demonstrating that the founding fathers’ political philosophy was not grounded in theory, but rather grew out of their own immediate needs, Morgan paints a vivid portrait of how the founders’ own experiences shaped their passionate convictions, and these in turn were incorporated into the Constitution and other governmental documents. The Birth of the Republic is the classic account of the beginnings of the American government, and in this fourth edition the original text is supplemented with a new foreword by Joseph J. Ellis and a historiographic essay by Rosemarie Zagarri.",['Edmund S. Morgan'],2012-12-15,['History'],1.0
Uncle John's Slightly Irregular Bathroom Reader (Uncle Johns Bathroom Readers),"The Uncle John's Bathroom Reader® series is the longest-running, most popular series of its kind, with more than 10 million copies in print. The Uncle John's brand is the most recognized and trusted source for bathroom reading material in the world with more than 22 editions. Uncle John's Slightly Irregular Bathroom Reader®: The Miniature Edition™ is the fourth installment of our best-selling mini Bathroom Readers, packed with fun facts, amusing stories, and fascinating trivia--all in a condensed portable form for a satisfying reading experience.","[""Bathroom Reader's Institute""]",2011-02-22,['Humor'],2.0
My Tummy Hurts: A Complete Guide to Understanding and Treating Your Child's Stomachaches,"A road map for understanding and managing children's stomach problems -- from symptoms to treatment, and everything in between From baby's colic to an older child's complaint of ""my tummy hurts,"" abdominal distress is painful for kids and worrisome to parents, ranking second only to upper respiratory tract infections as the most common reason for non-routine visits to the pediatrician. In many cases, the discomfort is easily remedied and even prevented -- but some kinds of pain indicate a more serious affliction. How can parents make the distinction? Drawing from more than two decades of experience as a pediatric gastroenterologist, Dr. Joseph Levy offers a prescriptive guide to children's digestive complaints. My Tummy Hurts equips parents with the information they need to help alleviate their children's pain and prevent many disorders from occurring. They'll discover how to ask the right questions, identify problems, recognize the symptoms requiring urgent medical attention, and much more, including: How the digestive system works and why it sometimes malfunctions The major causes of stomachaches Identifying disease triggers, including those related to stress and diet What to do if your child is lactose- or wheat-intolerant My Tummy Hurts, organized for easy reference, is an indispensable handbook for parents and caregivers.",['Joseph Levy'],2004-05-11,['Family & Relationships'],
200 Cigarettes -,,['Shana Larsen'],1996,['Motion picture plays'],
"The art of massage,: A practical manual for the nurse, the student and the practitioner",,['John Harvey Kellogg'],1942,['Massage'],
Tour of Duty LP: John Kerry and the Vietnam War,"These are the memoirs of a Wisconsin farm boy that grew up during the Great Depression accompanied by a great drought where many of the lakes dried up and much of the Midwests farmland simply blew away. The Depression ended abruptly the year I graduated from high school when WW II was declared and I was drafted into military service where I spent 3-1/2 years. I was critically wounded and spent the first 30 hours in a morgue followed by almost 1-1/2 years in military hospitals before I was discharged as a permanently disabled veteran. Because of my disabilities, I could never be a farmer and had to go somewhere else and develop new skills so I would be able to support my family. Jobs were hard to get because at the end of the war in Europe, 12 million healthy veterans had just been discharged and the economy was in limbo while industry was converting from wartime to peacetime economy. The story deals with how I started out as an apprentice electronic technician, became an engineer through home study, worked and lived on all continents and finally became Chief of the Navigation Engineering Branch at the Federal Aviation Administration Headquarters in Washington DC. It is a story of how I dealt with serious wartime disabilities and managed to develop a productive career at the same time",['Sam Jones'],2011-12-05,['Biography & Autobiography'],
"Things We Do for Love, The (Brilliance Audio on Compact Disc)",,,2009,['American literature'],
Shobogenzo: v. 2: Zen Essays - The Eye and Treasury of the True Law,"The complete English translation of one of the great Zen classics and works of Japanese literature, by the founder of the Soto school—now in a single volume Treasury of the True Dharma Eye (Shobo Genzo, in Japanese) is a monumental work, considered to be one of the profoundest expressions of Zen wisdom ever put on paper, and also the most outstanding literary and philosophical work of Japan. It is a collection of essays by Eihei Dogen (1200–1253), founder of Zen’s Soto school. Kazuaki Tanahashi and a team of translators that represent a Who’s Who of American Zen have produced a translation of the great work that combines accuracy with a deep understanding of Dogen’s voice and literary gifts. This edition includes a wealth of materials to aid understanding, including maps, lineage charts, a bibliography, and an exhaustive glossary of names and terms—and, as a bonus, the most renowned of all Dogen’s essays, “Recommending Zazen to All People.”",['Kazuaki Tanahashi'],2013-05-14,['Religion'],
Straight A's in Maternal-Neonatal Nursing,This easy-to-read outline review follows the unique two-column Straight A's format that lets students choose how they study to improve test scores and final grades. The interior column outlines key facts for in-depth review; the exterior column lists only the most crucial points for quickest review. Other features include pretest questions at the beginning of each chapter; end-of-chapter NCLEX®-style questions; lists of top items to study before a test; Time-Out for Teaching patient-teaching points; Go with the Flow algorithms; and alerts highlighted in a second color. A bound-in CD-ROM contains hundreds of NCLEX®-style questions—including alternate-item format questions—with answers and rationales.,['Lippincott Williams & Wilkins'],2008,['Medical'],1.0
A Trip to the Beach,"This is the true story of a trip to the beach that never ends. It's about a husband and wife who escape civilization to build a small restaurant on an island paradise -- and discover that even paradise has its pitfalls. It's a story filled with calamities and comedy, culinary disasters and triumphs, and indelible portraits of people who live and work on a sliver of beauty set in the Caribbean Sea. It's about the maddening, exhausting, outlandish complications of trying to live the simple life -- and the joy that comes when you somehow pull it off. The story begins when Bob and Melinda Blanchard sell their successful Vermont food business and decide, perhaps impulsively, to get away from it all. Why not open a beach bar and grill on Anguilla, their favorite Caribbean island? One thing leads to another and the little grill turns into an enchanting restaurant that quickly draws four-star reviews and a celebrity-studded clientele eager for Melinda's delectable cooking. Amid the frenetic pace of the Christmas ""high season,"" the Blanchards and their kitchen staff -- Clinton and Ozzie, the dancing sous-chefs; Shabby, the master lobster-wrangler; Bug, the dish-washing comedian -- come together like a crack drill team. And even in the midst of hilarious pandemonium, there are moments of bliss. As the Blanchards learn to adapt to island time, they become ever more deeply attached to the quirky rhythms and customs of their new home. Until disaster strikes: Hurricane Luis, a category-4 storm with two-hundred-mile-an-hour gusts, devastates Anguilla. Bob and Melinda survey the wreckage of their beloved restaurant and wonder whether leaving Anguilla, with its innumerable challenges, would be any easier than walking out on each other. Affectionate, seductive, and very funny, A Trip to the Beach is a love letter to a place that becomes both home and escape.","['Melinda Blanchard', 'Robert Blanchard']",2001-11-20,['Biography & Autobiography'],5.0
Pthreads Programming: A POSIX Standard for Better Multiprocessing (O'Reilly Nutshell),"In this book, realistic examples show both the situations where threading is valuable and the ways to use threads to improve the modularity and efficiency of a program. The author takes the user behind the scenes to show them how threads work, where to expect problems, and what performance issues exist. Chapters on DCE, real-time, and multiprocessing are included.","['Bradford Nichols', 'Dick Buttlar', 'Jacqueline Farrell']",1996-09-01,['Computers'],
The Shining Falcon,,['Josepha Sherman'],1991-01-01,,
The Discovery Of Subatomic Particles (Scientific American Library Series),This is an account of the discovery of the constituents of the atom.,['Steven Weinberg'],1983,['Science'],
A Rake's Vow (Cynster Novels),"He vowed he'd never marry. To Vane Cynster, Bellamy Hall seems like the perfect place to temporarily hide from London's husband hunters. But when he encounters irresistible Patience Debbington, Vane realises he's met his match ... She vowed no man would catch her. Patience isn't about to succumb to Vane's sensuous propositions. Yes, his kisses leave her dizzy and his caresses made her melt; but Patience has promised herself she'll never become vulnerable to a broken heart. Is this one vow that was meant to be broken?",['Stephanie Laurens'],2009-10-13,['Fiction'],15.0
The Cloud of Unknowing,"THE CLOUD OF UNKNOWING and THE BOOK OF PRIVY COUNSELING are the first explorations in the English language of the soul’s quest for God. Written in Middle English by an unknown fourteenth-century mystic, THE CLOUD OF UNKNOWING expresses with beauty a message that has inspired such great religious thinkers as St. John of the Cross and Teilhard de Chardin, as well as countless others in search of God. Offering a practical guide to the life of contemplation, the author explains that ordinary thoughts and earthly concepts must be buried beneath a “cloud of forgetting,” while our love must rise toward a God hidden in the “cloud of unknowing.” THE BOOK OF PRIVY COUNSELING, also included in this volume, is a short and moving text on the way to enlightenment through a total loss of self and a consciousness only of the divine. William Johnston, an authority on fourteenth-century mysticism and spirituality, provides an accessible discussion of the works, detailing what is known about the history of the texts and their author. In a new foreword, Huston Smith draws on his extensive knowledge of the varieties of religious experience to illuminate the relevance of these works for contemporary readers.",['William Johnston'],2012-01-11,['Religion'],5.0
The Merchant's War,"In the sequel to The Clan Corporate, Miriam seeks refuge from the machinations of both the Clan and their opponents by escaping to yet another world, only to discover that there is a nasty war going on in the Gruinmarkt world of the Clan and that unexpected perils await her. Reprint.",['Charles Stross'],2008-09-30,['Fiction'],9.0
Flamenco Basics,,['Vicki Corona'],1989-06,['Flamenco'],
Inside Atl (Programming Languages/C),"Microsoft s Component Object Model is one of the most important concepts in software development today. Developer s Workshop to COM and ATL 3.0 provides an in-depth treatment of COM and shows how to adopt a component framework, namely ATL, to help lessen the burden of repetitive code. Every chapter contains integrated lab assignments that give you numerous opportunities to build COM clients and servers using raw C++ and IDL, as well as the Active Template Library. The book is divided into five sections, each focusing on a particular aspect of COM and ATL development. The book begins with a review of object-oriented and interface-based programming techniques, then moves into the core aspects of COM, including a full examination of language independence and location transparency. The author illustrates the numerous CASE tools used during ATL development and discusses apartments, COM exceptions, object identity, and component housing, in addition to various advanced concepts such as COM categories and tear-off interfaces. The fourth section examines a number of COM patterns such as enumerators, collections, scriptable objects, and callback interfaces. The book closes with an investigation of using ATL as a windowing framework and wraps up with the development of a full-blown animated ActiveX control using ATL. Learn how to build Visual Basic, Java, C++, and web-based COM clients; use common VBA programming structures such as conditions, loops, arrays, and collections; master ATL s integrated CASE tools; dive into the details of object identity and the ATL COM map; build COM object models and leverage the ATL object map; develop full ActiveX controls with ATL.""",['Andrew W. Troelsen'],2012-01-18,['Computers'],
Keeping Faith,"When the marriage of Mariah White and her cheating husband, Colin, turns ugly and disintegrates, their seven-year-old daughter, Faith, is there to witness it all. In the aftermath of a rapid divorce, Mariah falls into a deep depression—and suddenly Faith, a child with no religious background whatsoever, hears divine voices, starts reciting biblical passages, and develops stigmata. And when the miraculous healings begin, mother and daughter are thrust into the volatile center of controversy and into the heat of a custody battle—trapped in a mad media circus that threatens what little stability the family has left. In Keeping Faith, #1 New York Times bestselling author Jodi Picoult—one of the most powerful writers in contemporary fiction—brilliantly examines belief, miracles, and the complex core of family.",['Jodi Picoult'],2008-08-26,['Fiction'],6.0
"Hey, I'm the Customer: Front Line Tips for Providing Superior Customer Service","Offers step-by-step guidelines and tips for providing superior customer service, discussing customer satisfaction, how to identify customer needs, problem solving, and other topics",['Ron Willingham'],1992,['Business & Economics'],
The Jini(TM) Specification (The Jini(TM) Technology Series),"This book contains the formal specification for the Jini technology. It offers a review of distributed computing fundamentals, an overview of the Jini architecture, and an introduction to the key concepts that are the source of the technologys simplicity and power--remote objects, leasing, distributed events, and a two-phase commit protocol. The formal specification provides the definitive description of every element of the Jini architecture, including detailed information on such topics as: Jini Discovery and Join protocols Jini Entry usage and the AbstractEntry class Jini Distributed Leasing concepts Jini Distributed Event programming model Jini Transaction model and semantics Jini Lookup service and lookup attribute schema Jini device architecture As networks continue to pervade our personal and professional lives, there is an urgent call for the flexible and robust network infrastructure that Jini represents.",['Ken Arnold'],1999,['Electronic data processing'],
Unix Secure Shell (McGraw-Hill Tools Series),,['Anne Carasik'],1999,['Computer networks'],1.0
Visual Basic 6 Master Reference,"Visual Basic 6 Master Reference includes explanations for over 1000 keywords, statements, functions, concepts, objects, and controls, as well as associated events, methods, and properties - everything you need to create fully logo-compliant Windows 98 applications. Find the information you need in record time! This comprehensive reference is organized alphabetically with cross-references throughout. You can look up topics by: Concept - Look up ActiveX Controls and find out what they are and how to use them. Control - Look up Animation and discover its description along with its general and custom properties, methods, and events. Object - Look up App and quickly get all of its 29 properties and what they represent. Property - Look up ActiveControl and explore its syntax and how it is used in a form. Event - Look up AmbientChanged and learn which objects receive AmbientChanged events and how they obtain them. This unique Visual Basic encyclopedia provides code examples throughout, including many full programs that enable you to see specific Visual Basic items in action.",['Clayton Walnum'],1999-03-03,['Computers'],
"Last of the Plainsmen, The","The Last Of The Plainsmen by Zane Grey - Buffalo Jones goes on his final mission in this wonderful, rousing, classic western. Zane Grey is one of America's finest western novelists and his works have become much loved classics. A great addition to the collection.",['Zane Grey'],2016-02-21,,1.0
Hacker Attack,"The EC-Council | Press Ethical Hacking and Countermeasures Series is comprised of five books covering a broad base of topics in offensive network security, ethical hacking, and network defense and countermeasures. The content of this series is designed to immerse the reader into an interactive environment where they will be shown how to scan, test, hack and secure information systems. With the full series of books, the reader will gain in-depth knowledge and practical experience with essential security systems, and become prepared to succeed on the Certified Ethical Hacker, or C|EH, certification from EC-Council. This certification covers a plethora of offensive security topics ranging from how perimeter defenses work, to scanning and attacking simulated networks. A wide variety of tools, viruses, and malware is presented in this and the other four books, providing a complete understanding of the tactics and tools used by hackers. By gaining a thorough understanding of how hackers operate, an Ethical Hacker will be able to set up strong countermeasures and defensive systems to protect an organization's critical infrastructure and information. Important Notice: Media content referenced within the product description or the product text may not be available in the ebook version.",['EC-Council'],2009-09-22,['Computers'],
Toad on the Road (Step Into Reading: A Step 1 Book (Turtleback)),,,2006,['Authors'],
Essentials of Prayer,"The Essentials of Prayer is a message of meditation based on the Bible and written by Edward McKendree Bounds (August 15, 1835 – August 24, 1913) prominently known as E.M. Bounds, was an American author, attorney, and member of the Methodist Episcopal Church South clergy. He is known for writing 11 books, nine of which focused on the subject of prayer. Only two of Bounds' books were published before he died. After his death, Rev. Claudius (Claude) Lysias Chilton, Jr., grandson of William Parish Chilton and admirer of Bounds, worked on preserving and preparing Bounds' collection of manuscripts for publication. By 1921, Homer W. Hodge completed additional editorial work. Edward McKendree Bounds was born on August 15, 1835, in Shelbyville, Missouri. He is the son of Thomas Jefferson and Hester A. (née Purnell) Bounds. In the preface to E.M. Bounds on Prayer, published by Hendrickson Christian Classics Series over 90 years after Bounds' death, it is surmised that young Edward was named after the evangelist, William McKendree, who planted churches in western Missouri and served as the fourth bishop of the Methodist Episcopal Church. He was the fifth child, in a family of three sons and three daughters.",['Edward McKendree Bounds'],2020-03-09,['Bibles'],1.0
A Perfect Silence,"A Perfect Silence is a powerful tale of human suffering, courage, and ultimately survival. It renders with authenticity and poignancy a young womanÍs struggle to break out of the cycle of poverty that has entrapped her family for generations. From the surrealistic world of a mental institution, a young woman struggles to come to terms with her past after a failed suicide attempt. From her very birth into abject poverty, Blanca is lost in a nightmarish labyrinth of abuse and deprivation. In vivid and gripping detail, Blanca remembers her victimization at the hands of family and strangers, both in New York and in Puerto Rico. As her destructive odyssey progresses, she becomes a rag doll tossed about by her family and her foster parents, by her brutal husband and by the very institutions meant to help her. This story is a tribute to a womanÍs capacity to endure and survive. Psychologically accurate and stylistically elegant, the work is imbued with a strong sense of inherent human worth.",['Alba N. Ambert'],1995-06-30,['Fiction'],
Shakespeare After All,"A brilliant and companionable tour through all thirty-eight plays, Shakespeare After All is the perfect introduction to the bard by one of the country’s foremost authorities on his life and work. Drawing on her hugely popular lecture courses at Yale and Harvard over the past thirty years, Marjorie Garber offers passionate and revealing readings of the plays in chronological sequence, from The Two Gentlemen of Verona to The Two Noble Kinsmen. Supremely readable and engaging, and complete with a comprehensive introduction to Shakespeare’s life and times and an extensive bibliography, this magisterial work is an ever-replenishing fount of insight on the most celebrated writer of all time.",['Marjorie Garber'],2008-11-19,['Drama'],6.0
Metahistory: The historical imagination in nineteenth-century Europe,"In White's view, beyond the surface level of the historical text, there is a deep structural, or latent, content that is generally poetic and specifically linguistic in nature. This deeper content - the metahistorical element - indicates what an appropriate historical explanation should be.",['Hayden White'],1975-08,['History'],5.0
Archie's Way: A Memoir of Friendship and Craftsmanship,"Details the author's friendship with Archie Raasch, a skilled wood and metal worker, and the lessons he learned from him about craftsmanship, creativity, and self-discovery","['Richard Ezra Probert', 'Robert Ezra Probert']",1998,['Biography & Autobiography'],
New International Encyclopedia of Bible Characters,"The New International Encyclopedia of Bible Characters is a complete index of every person named in the Bible, from Aaron to Zurishadai. Discover the roles that men and women—from the obscure to the famous to the infamous—have played in the unfolding story of Scripture. Entries range from one-line biblical references for minor characters to full-length articles that address the theological significance of over forty major figures. With entries based on the New International Version?today's most read, most trusted Bible translation?this easy-to-use volume will help pastors, teachers, students, and church workers quickly and easily identify and understand the importance of every person in the Bible. The New International Encyclopedia of Bible Characters features contributions from top biblical scholars of the United States, the United Kingdom, and Australia. In addition to the alphabetic name-entries, twenty supporting articles shed light on topics of particular interest and relevance, such as: Kings of Judah and Israel Women in the Bible Children in the Bible The Apostles Pharisees The Elderly in the Bible Angels in the Bible Jewish Genealogies —ZONDERVAN'S UNDERSTAND THE BIBLE REFERENCE SERIES— This four-volume series supplies users of today's most popular modern Bible translation, and New International Version, with scholarly, economical, and uncompromisingly evangelical study tools. It includes: New International Bible Commentary New International Encyclopedia of Bible Words New International Encyclopedia of Bible Difficulties New International Encyclopedia of Bible Characters","['Zondervan,']",2015-09-22,['Religion'],5.0
Shadow Riders,"Dal and Mac Traven left Texas young and idealistic. They came back from opposite sides of a living hell, a war that had torn the nation in two. They wanted only to reclaim their old lives—but one man held their futures hostage. Colonel Henry T. Ashford had gathered an army of criminals and renegade soldiers, leading them on a path of destruction and kidnapping through Texas to the Gulf. Among Ashford’s captives were the Travens’ sister and Dal’s tough-minded fiancée, Kate. Now Mac and Dal must take up arms once again and ride together against Ashford’s army—ready to fight another war, if that’s what it takes to win the freedom of the women they love.","[""Louis L'Amour""]",2004-12-28,['Fiction'],4.0
Manual of mineralogy,"Features new chapters on crystal chemistry and mineral stability diagrams, more logical treatments of morphology and internal crystal structure along with extensively revised chapters on mineral chemistry and physical properties. Includes outstanding illustrations, hand specimen photographs and transmission electron microscope structure projects.","['Cornelis Klein', 'Cornelius S. Hurlbut', 'James Dwight Dana']",1993-06-02,['Science'],
SMALL HOUSE AT ALLINGTON,"‘The Small House at Allington’ is the fifth in Anthony Trollope’s ‘Chronicles of Barsetshire’ series of novels. The plot centres around the romantic fortunes of young sisters Lily and Bell Dale, who live with their widowed mother in the Small House at Allington thanks to the generosity of their uncle, Squire Dale. Packed with tangled romances and moral dilemmas, this is classic Trollope. In ‘The Small House at Allington’ we are also introduced to some of the most popular recurring Trollope characters, including Lady Glencora and Plantagenet Palliser. Anthony Trollope (1815 – 1882) was a Victorian writer and author of 47 novels. He also wrote an autobiography, short stories and plays, travel articles, reviews and lectures. A prolific writer, he made no secret of the fact that money was his motivation for writing – an admission which raised eyebrows among his literary contemporaries at the time. The amount of works Trollope authored are testament to his belief in hard work. His first successful novel was The Warden followed by its sequel, Barchester Towers. The Chronicles of Barsetshire are perhaps his most well-known series of novels, though many of his works have been adapted for TV and radio, starring many familiar faces such as Alan Rickman, David Tennant, Bill Nighy and Tom Hollander. Alongside his literary career, Trollope also worked for some time for the Post Office and is credited with the introduction of the iconic post box to Britain. A memorial to Anthony Trollope was unveiled in Poets’ Corner in Westminster Abbey in 1993.",['Anthony Trollope'],2021-07-28,['Fiction'],37.0
Choose Grenada for Your Second Citizenship and Passport,,['Marshall Langer'],2000-09-01,['Travel'],
Inside the Kaisha: Demystifying Japanese Business Behavior,"This guide provides over 300 pages of resources suggested by leadership educators in surveys, Center for Creative Leadership staff, and search of library resources. This eighth edition is half-new, including web sites and listserv discussion groups, and it places a stronger focus on meeting the needs of human resources professionals and corporate trainers. An annotated bibliography groups leadership materials in several broad categories: overview; in context; history, biography and literature; competencies; research, theories, and models; training and development; social, global, and diversity issues; team leadership; and organizational leadership (180 pages). Includes annotated lists of: journals and newsletters (9 pages); instruments (21 pages); exercises (41 pages); instrument and exercise vendors (5 pages); videos (29 pages); video distributors (4 pages); web sites (6 pages); organizations (21 pages); and conferences (9 pages). (Contains a 66-page index of all resources.) (TEJ)","['Center for Creative Leadership, Greensboro, NC.']",2000,,1.0
Can't Be Satisfied: The Life and Times of Muddy Waters,"Can't Be Satisfied is that rare thing in musical biographies: a book that maps out not just a single, extraordinary life but the cultural forces that shaped it' Sean O'Hagan, Observer Muddy Waters was the greatest blues musician ever, and the most influential. He invented electric blues, inspired the Rolling Stones and created the template for the rock 'n' roll band and its wild lifestyle. Robert Gordon's definitive biography vividly chronicles the extraordinary life and personality of the musical legend who changed the course of modern popular music.",['Robert Gordon'],2013-04-04,['Biography & Autobiography'],4.0
Children of the Mind,,['Orson Scott Card'],2021-08-24,['Fiction'],11.0
A Complete Guide To Float Hunting Alaska,,['Larry Bartlett'],2002,['Big game hunting'],
Manstealing for Fat Girls,"This off-kilter novel centers on three girls who are definitely not part of the in crowd: one’s fat, one’s a dyke, and one is missing a breast. Nicknamed “Lezzylard” by her classmates, Angie is seduced by the prettiest girl in school, an anorexic who just wants to make imaginary grocery lists. Inez, the school’s pot dealer, can’t shoplift because security guards are mesmerized by her single enormous breast. Shelby and Angie can’t be together, because then everyone will think Angie’s only a dyke because she’s too fat to get a guy. Manstealing for Fat Girls explodes the locus where patriarchal and class violence intersect, while embracing all that is magical — and dangerous — about adolescence. Set in a working class suburb of St. Louis in the 1980s, the book is replete with music and pop culture references of the era, but the bullying, lunch table treachery, and desperate desire to fit in ring true for every generation.",['Michelle Embree'],2005-11-30,['Fiction'],
Leaving The Fold: Testimonies Of Former Fundamentalists,"Protestant fundamentalism claims many converts each year as the devout serve as ""witnesses"" to draw people ""into the fold."" This is where the media hype stops. Little is known of the thousands who leave, frustrated, anguished, confused. For them there are no trumpets of glory, no energized fanfare. No one knows fundamentalism like a fundamentalist, and no one can express what it means to struggle with one's faith to the breaking point, like an ex-fundamentalist. After presenting a fascinating history of ""Fundamentalism's Grotesque Past,"" this riveting new collection offers testimonies of former fundamentalists who became so disillusioned with their church that they chose to leave. Presenting more than thirty personal journeys, this book gives a clear picture of what attracts a person to the fundamentalist faith and what can drive believers away from their religion. Leaving the Fold includes the religious odysseys of those who left fundamentalism behind in favor of atheism or agnosticism, as well as the spiritual journeys of those who remained Christians but backed away from the powerful attraction of fundamentalism. These testimonies convey not only deep feelings and penetrating facts, but the appeal of dogmatic fundamentalism and each individual's struggle to maintain their faith. Leaving the Fold discusses the fears and dilemmas faced by each person who chose to part ways with the church, their gradual dawning of courage to continue asking questions, and their success in giving their intellectual curiosity the freedom it craves. Christians, atheists, and those who may be questioning their own religious convictions will find Leaving the Fold engrossing. This volume also contains a collection of quotations and an annotated bibliography for those interested in tracking down further testimonies.",['Edward T. Babinski'],1995,['Religion'],
Story Of Everything,"Physicist Stephen Hawking was a scientist for the modern age. He is as renowned for his theories on time and space as he is for his unique life story. Undeterred by a debilitating illness, he trained his mind to work in a new way to become the leading light in modern science. This carefully researched biography tells Hawking’s story, highlighting his scientific breakthroughs and how, despite his struggle with a degenerative condition, he became the most celebrated and inspiring scientist of his generation. A beautiful design includes striking photographs, illuminating documents, and helpful sidebars that cast light on Hawking’s intellectual achievements.",['Joel Levy'],2021-07-15,['Young Adult Nonfiction'],
Caught in the Act,"Describes how Jeannie and Kevin McDonough become heroes after saving their daughter from Adam Leroy Lane, a long-haul trucker and serial killer, and how they vowed to make sure that Lane's other victims were never forgotten.","['Jeannie McDonough', 'Paul Lonardo']",2011-03-01,['True Crime'],1.0
Whores and Other Feminists,"Whores and Other Feminists fleshes out feminist politics from the perspective of sex workers--strippers, prostitutes, porn writers, producers and performers, dominatrices--and their allies. Comprising a range of voices from both within and outside the academy, this collection draws from traditional feminisms, postmodern feminism, queer theory, and sex radicalism. It stretches the boundaries of contemporary feminism, holding accountable both traditional feminism for stigmatizing sex workers, and also the sex industry for its sexist practices.",['Jill Nagle'],2013-09-13,['Art'],1.0
Delta of Venus,"From influential feminist artist and essayist Anais Nin, Delta of Venus is one of the most important works of modern female erotica and ""a joyous display of the erotic imagination"" (The New York Times Book Review). Anais Nin pens a lush, magical world where the characters of her imagination possess the most universal of desires and exceptional of talents. Among these provocative stories, a Hungarian adventurer seduces wealthy women then vanishes with their money; a veiled woman selects strangers from a chic restaurant for private trysts; and a Parisian hatmaker named Mathilde leaves her husband for the opium dens of Peru. This is an extraordinarily rich and exotic collection from a master of erotic writing. ""Inventive, sophisticated . . . highly elegant naughtiness.""—Cosmopolitan",['Anaïs Nin'],2004-02-02,['Fiction'],36.0
The Dharma Videos Of Lust And Bust: A Novel of Religious Mysteries,"A radical guru satirically exposes religions, mainly his own, by revealing traditional and current mysteries of sex and violence.",['Anoop Chandola'],2005,['Fiction'],
"Music Business & Entertainment Law Contracts for Indie Recording Artist, Labels, Songwriters, Composers, Producers, Managers and All Others in the Record Industry. Binder / CD-ROM set (PC & Mac)","The new Eighth Edition of the Music Business Handbook and Career Guide maintains the tradition of this classic text as the most comprehensive, up-to-date guide to the $100 billion music industry. This new Eighth Edition expands on hot-button music business issues such as digital downloads, piracy, and record company transformations. Thoroughly revised, the Eighth Edition shares a particular emphasis on online music and its impact on the rest of the industry. The Eighth Edition also includes complete coverage of all aspects of the music industry, including songwriting, publishing, licensing, artist management, promotion, retailing, media, and much more.",['David Baskerville'],2006,['Business & Economics'],1.0
Peyton Manning: Primed & Ready,Traces the life and career of the former Tennessee Volunteer quarterback who turned pro with the Indianapolis Colts,['Jimmy Hyams'],1998,['Biography & Autobiography'],
The Fundamentals of Hogan,"Ben Hogan’s The Modern Fundamentals of Golf is the best-selling sports book ever, with over six million copies sold worldwide. This sequel to the original book offers previously unpublished photographs and the expert commentary of David Leadbetter.",['David Leadbetter'],2014-06-12,['Sports & Recreation'],
Lost City of the Incas: The Story of Machu Picchu and Its Builders,"First published in the 1950s, this is a classic account of the discovery in 1911 of the lost city of Machu Picchu. In 1911 Hiram Bingham, a pre-historian with a love of exotic destinations, set out to Peru in search of the legendary city of Vilcabamba, capital city of the last Inca ruler, Manco Inca. With a combination of doggedness and good fortune he stumbled on the perfectly preserved ruins of Machu Picchu perched on a cloud-capped ledge 2000 feet above the torrent of the Urubamba River. The buildings were of white granite, exquisitely carved blocks each higher than a man. Bingham had not, as it turned out, found Vilcabamba, but he had nevertheless made an astonishing and memorable discovery, which he describes in his bestselling book LOST CITY OF THE INCAS.",['Hiram Bingham'],2003-04-03,['Social Science'],3.0
The Humane Interface: New Directions for Designing Interactive Systems,,['Raskin'],,,1.0
The Liberty Dollar Solution To The Federal Reserve,"SOLUTION explains the Federal Reserve problem, how the Liberty Dollar works, and why you should be using it at a profit to protect yourself from the next monetary crisis. It brings together eighteen contributors including Chairman Alan Greenspan, Congressman Ron Paul, Dr. Richard Timberlake, John Turner, and others who add to the case for what's wrong with our federal money.",['Bernard von NotHaus'],2003-01-01,['Business & Economics'],
Jester's Fortune: An Alan Lewrie Naval Adventure,"All the technical details and swashbuckling action scenes readers have come to expect from Dewey Lambdin. Fresh from his successes along the French coast, Commander Alan Lewrie is dispatched to the Adriatic to patrol the shores of Italy and intercept any French ships trying to reinforce Napoleon's armies. The four ship squadron the HMS Jester has joined emerge victorious from the first few skirmishes, but it soon becomes evident, even to Lewrie, that the British forces need reinforcements. The aid they receive, however, might be the most terrifying aspect of the war yet... and a lethal mistake. Eighth in The Alan Lewrie Naval Adventures, Jester's Fortune is perfect for fans of John Drake, Julian Stockwin and Patrick O’Brian. Praise for Dewey Lambdin ‘You could get addicted to this series. Easily’ New York Times Book Review 'The best naval series since C. S. Forester' Library Journal ‘Fast-moving... A hugely likeable hero, a huge cast of sharply drawn supporting characters: there's nothing missing. Wonderful stuff’ Kirkus Reviews",['Dewey Lambdin'],2018-11-29,['Fiction'],1.0
"Sister Betty! God's Calling You, Again!",This book is a collection of seven of Sister Betty's inspirational adventures which are gathered in this soulful retreat for fans of God and the gospel.,"[""Pat G'Orge-Walker""]",2004,['Fiction'],2.0
Chilton's Auto Repair Manual 1964-71,Each edition includes information for that year and several previous years.,,1964,['Automobiles'],
Visual Basic .NET Solutions Toolkit: 30 Practical Components for .NET,"Offers test-taking strategies and tips, practice questions, and a cram sheet.",['Mike Gunderloy'],2003,['Computers'],
The Year My Mother Was Bald,"Clare keeps a journal that describes the medical treatments her mother undergoes for breast cancer, her family's experiences, and her own feelings and concerns.",['Ann Speltz'],2009-05-21,,
"My Parrot, My Friend: An Owner's Guide to Parrot Behavior (Owner's Guides ( Pets ))","This authoritative reference, the first of its kind, is a necessary addition to the library of any practitioner or behaviorist who sees avain companion animals. Because of their beauty, intelligence, playfulness and ability in mimicry, parrots are the most widely kept companion birds. It is estimated that more than half of the psittacine cases presented to clinicians are the result of behavioral problems-problems inherent to captivity. Bringing together a host of international experts on avian behavior, Manual of Parrot Behavior explores the many facets of psittacine behavior, both normal and abnormal. The book not only provides readers with a solid understanding of the basic principles of psittacine behavior but also offers useful techniques of diagnosis and treatment for specific problems. Covers both normal and abnormal parrot behavior Offers practical techniques on diagnosis and treatment of behavior problems Written by a team of international experts on avian behavior A necessary addition to the library of any practitioner of behaviorist who sees avian companion animals",['Andrew Luescher'],2008-01-09,['Medical'],1.0
Last Bride Standing,"A Lost Memory. . . After journalist Wanda Gray's plane crashes in Kenya, searchers find no survivors, and she is believed dead. But Wanda is very much alive, injured and slowly recovering on an African ranch. She remembers nothing of her former life--not her accountant husband Steven or even her own name. A New Love. . . Soon, in the lush, exotic African countryside, Wanda is discovering a new world. . .and a lover who will change everything: tall, lithe, ranch owner Ahmed. Day by day their desire is blossoming into a gloriously passionate romance: elemental as earth, sensual as the hot wind, and insatiable as the lions that stalk the night. A Truth About To Explode But Wanda's happiness can last only as long as Ahmed doesn't know she is married and her past remains a secret. Every moment draws them closer to the next unexpected twist of fate--one that will draw Wanda into a maelstrom of emotions--and a heartbreaking choice. . .",['Patricia Anne Phillips'],2014-11-20,['Fiction'],1.0
The Great Body Ball Handbook,,"['Michael Jespersen', 'André Noël Potvin', 'Karl Thorson', 'Nikos Apostolopoulos']",2000,['Health & Fitness'],
Knights and Merchants,,['Tom Graham'],2017,['Aristocracy (Social class)'],
Automatic Wealth: The Six Steps to Financial Independence,"""I have known Michael for over twenty years. He has one of the smartest business minds I know. When he gives me advice, I pay attention, and you should, too. Automatic Wealth is full of wisdom and insight filtered by a master and brought to you in a well-written and delightful style."" -John Mauldin, Editor of the bestselling book, Just One Thing: Twelve of the World's Best Investors Reveal the One Strategy You Can't Overlook ""I am not usually a fan of this kind of book. One entitled Automatic Wealth made me suspicious. But I am a fan of Michael Masterson, and when I read the book, I was impressed. Masterson manages to go beyond the theory to tell you exactly how real people make real money in the real world. That, I think, is his genius. He's able to open his own eyes and see for himself what actually works. The result is original, clever, and very helpful to anyone who is serious about building wealth."" -Bill Bonner, coauthor of Empire of Debt: The Rise of an Epic Financial Crisis ""Michael Masterson has been a great friend of mine for over twenty years. I know for a fact that the strategy he teaches is the exact same strategy he has personally used to amass extraordinary wealth and prosperity for himself. He's reduced a normally daunting process down to six simple and unfailing steps YOU can absolutely use to vastly and rapidly increase your financial situation, often times doubling and redoubling your wealth every few years. This book will become your financial bible."" -Jay Abraham, author of Getting Everything You Can Out of All You've Got: 21 Ways You Can Out-Think, Out-Perform, and Out-Earn the Competition ""Michael Masterson's book is brilliant and concise, packed with breakthrough insights and unique wealth-building tips. Best of all, it's practical because it combines proven investment and financial planning advice with street-smart business and real estate secrets."" -Robert Ringer, author of Action!, Looking Out for #1, and To Be or Not to Be Intimidated?",['Michael Masterson'],2005-02-28,['Business & Economics'],
CliffsAP Physics B & C,"CliffsAP study guides help you gain an edge on Advanced Placement* exams. Review exercises, realistic practice exams, and effective test-taking strategies are the key to calmer nerves and higher AP* scores. CliffsAP Physics B & C, is for students who are enrolled in AP Physics B or C, or who are preparing for the Advanced Placement Examination in AP Physics B or C. Inside, you’ll find hints for answering the free-response and multiple-choice sections, a clear explanation of the exam formats, a look at how exams are graded, and more: Review sections of important material for each subject area Review questions after each section, with solutions, explanations, and helpful comments Two sample B Exams and two sample C Exams Loads of diagrams, tables, and definitions to help you understand the information Sample questions (and answers!) and practice tests reinforce what you’ve learned in areas such as vectors, mechanics (forces), motion, and thermodynamics. CliffsAP Physics B & C also covers the following areas: Momentum, energy, work and power Waves, geometric optics, fluid mechanics, atomic and nuclear physics (B Exam only) Electric fields and forces, including electrostatics, electric potential, Coulomb's Law, Gauss' Law, conductors and capacitors, and more DC circuits, including current, Ohm's law, potential difference and DC circuits Magnetic fields and forces, including Biot-Savart's Law, solenoid, Faraday's law of Induction, important formulas included in Maxwell's Equations This comprehensive guide offers a thorough review of key concepts and detailed answer explanations. It’s all you need to do your best — and get the college credits you deserve. *Advanced Placement Program and AP are registered trademarks of the College Board, which was not involved in the production of, and does not endorse this product.",['James R. Centorino'],2004,['Study Aids'],
The Kingdom Agenda,"God’s kingdom isn’t just about theology and church. It isn’t just a quaint religious idea or an obscure theological concept. It is about a whole new way of seeing the world and your place in it. Tony Evans' legacy work, The Kingdom Agenda offers a fresh and powerful vision that will help you think differently about your life, your relationships, and your walk with God. When you start with a Kingdom agenda, living in relationship with the true King, and embracing your place in His Kingdom, nothing will ever be the same. In these pages we’ll explore how, under God, this kingdom vision: Helps you find greater purpose for your life. Guides your family toward Him. Deepens your understanding of God’s use of the church. Changes the way you think about politics, culture, and philosophy. Join Dr. Tony Evans, one of the greatest Bible teachers of our time, as he unfolds this biblical and practical approach to life—an approach that has the power to change people, families, neighborhoods, churches, and even nations. Discover the power of the Kingdom agenda. For more information on this title or others in The Kingdom Agenda Series, go to www.TheKingdomAgendaBook.com.",['Tony Evans'],2013-07-26,['Religion'],
King Solomon's Mines,"Three men trek to the remote African interior in search of a lost friend - and reach, at the end of a perilous journey, an unknown land cut off from the world, where terrible dangers threaten anyone who ventures near the spectacular diamond mines of King Solomon...",['H. Rider Haggard'],2007-11-29,['Fiction'],
Beyond Fear: Thinking Sensibly About Security in an Uncertain World,"Many of us, especially since 9/11, have become personally concerned about issues of security, and this is no surprise. Security is near the top of government and corporate agendas around the globe. Security-related stories appear on the front page everyday. How well though, do any of us truly understand what achieving real security involves? In Beyond Fear, Bruce Schneier invites us to take a critical look at not just the threats to our security, but the ways in which we're encouraged to think about security by law enforcement agencies, businesses of all shapes and sizes, and our national governments and militaries. Schneier believes we all can and should be better security consumers, and that the trade-offs we make in the name of security - in terms of cash outlays, taxes, inconvenience, and diminished freedoms - should be part of an ongoing negotiation in our personal, professional, and civic lives, and the subject of an open and informed national discussion. With a well-deserved reputation for original and sometimes iconoclastic thought, Schneier has a lot to say that is provocative, counter-intuitive, and just plain good sense. He explains in detail, for example, why we need to design security systems that don't just work well, but fail well, and why secrecy on the part of government often undermines security. He also believes, for instance, that national ID cards are an exceptionally bad idea: technically unsound, and even destructive of security. And, contrary to a lot of current nay-sayers, he thinks online shopping is fundamentally safe, and that many of the new airline security measure (though by no means all) are actually quite effective. A skeptic of much that's promised by highly touted technologies like biometrics, Schneier is also a refreshingly positive, problem-solving force in the often self-dramatizing and fear-mongering world of security pundits. Schneier helps the reader to understand the issues at stake, and how to best come to one's own conclusions, including the vast infrastructure we already have in place, and the vaster systems--some useful, others useless or worse--that we're being asked to submit to and pay for. Bruce Schneier is the author of seven books, including Applied Cryptography (which Wired called ""the one book the National Security Agency wanted never to be published"") and Secrets and Lies (described in Fortune as ""startlingly lively...¦[a] jewel box of little surprises you can actually use.""). He is also Founder and Chief Technology Officer of Counterpane Internet Security, Inc., and publishes Crypto-Gram, one of the most widely read newsletters in the field of online security.",['Bruce Schneier'],2006-05-10,['Technology & Engineering'],3.0
Cool Of The Evening: The 1965 Minnesota Twins,"In 1965, the Minnesota Twins were an endless surprise. Baseball was the nation s sport, and it gave people a little break from the world. The Minnesota Twins powerful lineup drew huge crowds in cities such as New York, Boston, and Los Angeles. But in an upper Midwest storm-filled year, the Minnesota Twins were the perfect storm. When the World Series between the Twins and the Dodgers arrived Minneapolis was vibrant with red, white, and blue bunting. The Twins scored six times in the third inning of the first World Series game ever played in Minnesota. Decades after the 1965 World Series fans lined up for autographs of their heroes. This is the story of the team, the players, the games of the 1965 Minnesota Twins.",['Jim Thielman'],2005,['Fiction'],
The Green Years,,,1948,,
Simplified Magic: A Beginner's Guide to the New Age Quabala (Llewellyn's new age series),"Simplified Magic by Ted Andrews is the ideal beginning guide to learning the ancient art of catalyzing desired changes through knowledge and manipulation of energy. The key to this style of magic is the ancient Qabala. This book shows that magic — real magic — is very spiritual in nature, yet does not take decades of practice to master. And what can you learn? The practical techniques in this book will show you how to use the Qabala and its major symbol, the Tree of Life, to help you become stronger mentally, physically, emotionally, and spiritually. You will also be protected from the dangers of psychic attack. The book shows you how to find more happiness and luck. You can even use the techniques here to bring more love into your life. And of course, what good would magic be if it didn't include ways to improve your finances and manifest improved heath? You'll find those techniques here, too. You will find beginning rituals such as the Qabalistic Cross and the Middle Pillar that will bring practical levels to your spiritual studies. You'll also learn how to do Pathworking, where your soul is free to soar and explore the Tree of Life. Throughout all of the practical information you will discover the ancient techniques of enhancing your spirituality and your sense of being in tune with the Divine. Don't let the fact that the Qabala is ancient turn you away from this book! Author Ted Andrews has explained the ancient system in an original way, making this the first book of the New Age Qabala. This is the book that will make clear to you the ancient mysteries so you can use them in your daily life. This book may be the key element in making the changes you need in your life. Step up to the door and use the key to open the way to a better, happier, more successful future.",['Ted Andrews'],1989,"['Body, Mind & Spirit']",
Shock Radio,,['Richard Hinton'],2013,,
Visual Basic 6 Win32 API Tutorial,"Win32 API calls from Visual Basic 6 - allowing the VB programmer to access the powerful repertoire of API calls available when programming in Windows. Visual Basic does an excellent job of letting developers build sophisticated Windows applications in a relatively short amount of time. This allows one to quickly build prototypes for end-users to evaluate and test, which can accelerate the development cycle. However, this ease of use does have its disadvantages. By shielding the programmer from the low-level Win32 calls, he or she may not be able to optimize certain functions or perform some tasks that the users have requested. Unless a programmer has started his or her career developing Windows applications in a lower level language like C or Pascal, they may be unfamiliar with the API calls that can be made to the OS. This can lead to frustration or confusion in using an API procedure that may behave unexpectedly.",['Jason Bock'],1998,['Computers'],
What's Happening To My Child: A Guide For Parents' Of Hair Pullers,"Finally, here is a simple step by step, easy to understand, ""Trich"" parenting guide written by a woman who knows. Cheryn Salazar has dealt with trichotillomania in her own life, and is also the mother of two daughters who suffer from the same affliction. A popular guest speaker and the author of ""You Are Not Alone: Compulsive Hair Pulling, The Enemy Within"", Cheryn now offers compassionate and thought provoking help for parents of children with trichotillomania. This book is a must.",['Cheryn Salazar'],2011-01-05,['Family & Relationships'],
Gabriel's Story,"When Gabriel Lynch moves with his mother and brother from a brownstone in Baltimore to a dirt-floor hovel on a homestead in Kansas, he is not pleased. He does not dislike his new stepfather, a former slave, but he has no desire to submit to a life of drudgery and toil on the untamed prairie. So he joins up with a motley crew headed for Texas only to be sucked into an ever-westward wandering replete with a mindless violence he can neither abet nor avoid–a terrifying trek he penitently fears may never allow for a safe return. David Anthony Durham is a genuine talent bent on devastating originality and Gabriel’s Story is as formidable a debut as we have witnessed.",['David Anthony Durham'],2007-12-18,['Fiction'],2.0
Complete Henry Bech,"Henry Bech, the celebrated author of Travel Light, has been scrutinized, canonized and vilified by critics and readers across the world. Here, the experiences of this bemused literary icon, one of Updike's greatest creations, are described in hilarious detail, as he travels the world struggling to break his writer's block; returns to his native America to find new success with Think Big, his all-time blockbuster; and visits communist Czechoslovakia, where he is greeted by a dizzyingly adoring public. Brilliantly comic and deeply poignant, The Complete Henry Bech is one of the greatest of all explorations of the writing life and of what happens when an writer becomes a literary celebrity.",['John Updike'],2006-06-01,['Fiction'],3.0
Linnea in Monet's Garden,"A little girl visits the home and garden of Claude Monet at Giverny, France, learning about his paintings and life.",['Christina Bjork'],2012-10-01,['Juvenile Nonfiction'],6.0
"Death Rode the Rails: American Railroad Accidents and Safety, 1828-1965","""The evolution of railroad safety, Aldrich argues, involved the interplay of market forces, science and technology, and legal and public pressures. He considers the railroad as a system in its entirety: operational realities, technical constraints, economic history, internal politics, and labor management. Aldrich shows that economics initially encouraged American carriers to build and operate cheap and dangerous lines. Only over time did the trade-off between safety and output - shaped by labor markets and public policy - motivate carriers to develop technological improvements that enhanced both productivity and safety.""--BOOK JACKET.",['Mark Aldrich'],2006-04-10,['Business & Economics'],2.0
"Great Fish, Quick: Delicious Dinners from Fillets and Shellfish","More than a hundred quick, simple recipes for salmon, red snapper, swordfish, and other fish and shellfish include dishes for grilling, instructions on special techniques, comments on flavor and information on health-related issues.",['Leslie Revsin'],1997,['Cooking'],
The Idea of Decline in Western History,"Historian Arthur Herman traces the roots of declinism and shows how major thinkers, past and present, have contributed to its development as a coherent ideology of cultural pessimism. From Nazism to the Sixties counterculture, from Britain's Fabian socialists to America's multiculturalists, and from Dracula and Freud to Robert Bly and Madonna, this work examines the idea of decline in Western history and sets out to explain how the conviction of civilization's inevitable end has become a fixed part of the modern Western imagination. Through a series of biographical portraits spanning the 19th and 20th centuries, the author traces the roots of declinism and aims to show how major thinkers of the past and present, including Nietzsche, DuBois, Sartre, and Foucault, have contributed to its development as a coherent ideology of cultural pessimism.",['Arthur Herman'],2007-09-07,['History'],
"Here Comes the Bride: Women, Weddings, and the Marriage Mystique","In a long-overdue expos of one of the world's most prevalent ceremonies, Geller gives a critical analysis of weddings from a feminist perspective and calls into question some of the deepest-held beliefs about this tradition.",['Jaclyn Geller'],2001,['Reference'],1.0
PMP Practice Questions Exam Cram 2,"The PMP Practice Questions Exam Cram 2 offers you a solid opportunity to drill and practice for the highly critical professional exam. The book features 500 questions based on the 9 Project Management Processes described in the PMI PMBOK and in our PMP Exam Cram 2 . All questions found in the book will also be on the accompanying CD in a test engine powered by MeasureUp. The questions will have full explanations of correct and incorrect answers so you can use this manual to review and brush-up on weak areas. It features relevant Exam Notes to help you score better on the test, plus the ever popular ""Cram Sheet"" tear card, to use for last-minute cramming. Join the ranks of readers that have chosen Exam Cram 2 as part of their preparation for their certification exams!",['David Francis'],2004,['Project management'],
Mason & Dixon,"A grammatical textbook for the Pali language with Burmese and Sinhalese script (alongside the Romanization), this edition offers a combination of the new (2015) and the old (1868), with some eccentric digressions into the Ashokan inscriptions, theories of the history and origins of the language, and anecdotes from an era when European archaeology and scholarship were (re-)discovering Theravada Buddhist philosophy. Mason's approach to the language is based in the ancient grammar of Kaccāyana, and reflects the first (pioneering) attempts of Europeans to explain the language to a western audience (often making comparisons to Latin, Greek and Sanskrit). This can be used in conjunction with the three other (free!) PDF textbooks for the Pali language available for download (at www.pali.pratyeka.org).","['Francis Mason', 'Eisel Mazard']",2014-12-24,['Foreign Language Study'],
Ten years later,"'The Indigo Children Oh yeah ... I know about them! Wasn't there a movie about that? They're those special kids who do psychic things and who have dark blue auras, right?'' If that's your take on the Indigos, then you really need to read this book. The Indigo Children aren't super-psychic kids with dark blue auras. In fact, the Indigo moniker has nothing to do with auras or being psychic. Some of these teenagers are actually the ones who are strapping on bombs and bringing guns to school, so you can see that the subject here is far more profound than the sensational hype that often accompanies it. This book is all about the children of our planet, what really might be happening with them, why they do what they do, and what we can do to help them and our educators survive all this. In addition, the Indigos are slowly beginning to join the workforce (gasp)! Join Lee Carroll and Jan Tober, the original authors of The Indigo Children, for a profound and frank discussion of this topic ten years later. After all this time, what do some in higher education say about these kids? What do industry leaders say? Humanity is evolving, so you should definitely be aware of these individuals' opinions. It's time to stop the circus that has been created around this subject and get down to finding out how to help these children survive in a world they don't understand ... or perhaps it's just you they don't understand.... Join the leaders of education and industry who speak out in this book for a peek into the real issues surrounding the Indigos, and perhaps the future of humanity!",['Lee Carroll'],2009-11,['Family & Relationships'],1.0
The Seekers,Reproduction of the original: The Seekers by Jessie E. Sampter,['Jessie E. Sampter'],2020-08-14,['Fiction'],
The People's Chronology: A Year-By-Year Record of Human Events from Prehistory to the Present (A Henry Holt Reference Book),"An extensive, information-rich historical reference, first published in 1979, and revised, expanded, and updated through 1991. In some 35,000 cross-referenced, chronological entries, it tracks major events in 30 different categories of human endeavor, each category identified by a distinctive graphic symbol in the margin. Includes a peppering of some 190 small bandw illustrations and a 110-page index. Annotation copyrighted by Book News, Inc., Portland, OR",['James Trager'],1992,"['Chronology, Historical']",
Yak Pizza To Go! Travels in an Age of Vanishing Cultures and Extinction,,['Phil Karber'],2001,['Travel'],
A confederacy of dunces,"One of the BBC's '100 Novels That Shaped Our World' 'My favourite book of all time... it stays with you long after you have read it - for your whole life, in fact' Billy Connolly A monument to sloth, rant and contempt, a behemoth of fat, flatulence and furious suspicion of anything modern - this is Ignatius J. Reilly of New Orleans, noble crusader against a world of dunces. The ordinary folk of New Orleans seem to think he is unhinged. Ignatius ignores them, heaving his vast bulk through the city's fleshpots in a noble crusade against vice, modernity and ignorance. But his momma has a nasty surprise in store for him: Ignatius must get a job. Undaunted, he uses his new-found employment to further his mission - and now he has a pirate costume and a hot-dog cart to do it with... Never published during his lifetime, John Kennedy Toole's hilarious satire, A Confederacy of Dunces is a Don Quixote for the modern age, and this Penguin Modern Classics edition includes a foreword by Walker Percy. 'A pungent work of slapstick, satire and intellectual incongruities ... it is nothing less than a grand comic fugue' The New York Times",['John Kennedy Toole'],2019-06-13,['Fiction'],48.0
"Penthouse Magazine, February 1973",,,1975,,
"Corvette Restoration Guide, 1968-1982 (Motorbooks Workshop)","Third generation Corvettes (1968–1982), commonly known as C3s, are among the most plentiful and affordable Corvettes on the road today. Production spanned 15 years with more than 540,000 examples built, making these the most common of any Corvette body style. Unfortunately, many have fallen into disrepair and are in need of restoration. This book will delve into all of the idiosyncrasies of the C3’s engine, drivetrain, body, chassis, and interior to guide both first time and experienced restorers to a successful conclusion of their project. * Tips to ensure correct restoration* Covers every major component* Decode stampings and part numbers* Includes accessory codes and production numbers",['Richard Prince'],2011-08-01,['Transportation'],
Mastering layout: Mike Stevens on the art of eye appeal,,['Mike Stevens'],1986,['Art'],1.0
The Long Arm of Gil Hamilton,,['Larry Niven'],1977-07-12,,5.0
Every Minute Counts: Making Your Math Class Work,"Mathematics curriculum guide covers making the most of the first minutes of class, asking the right questions, assigning and correcting homework efficiently, teaching new material effectively, and establishing a practical notebook system. Includes 15 favorite questions for encouraging student discussion. Secondary level.",['David R. Johnson'],1982,['Education'],1.0
Jungle Colors (Backyardigans),Join the Backyardigans on their colorful jungle adventure!,['Nancy Parent'],2006-01-01,['Juvenile Fiction'],1.0
"The Hardgainer's Body Building Handbook: Workouts, Nutrition, and Results","Pack on muscle mass quickly and get bigger and stronger now-—an essential guide for the everyday weight trainer. Are you tired of working out with nothing to show for it? Are you pumping iron but not getting big? Then you are a hardgainer, someone who needs a special plan for building a superbly muscled, strong, lean, and healthy physique. Now you can get big faster than you ever imagined with the secret techniques revealed in The Hardgainers' Bodybuilding Handbook. The Hardgainers' Bodybuilding Handbook will reveal: * The 10 laws of ultimate muscle growth. * The best exercises for building muscle mass. * Essential equipment for your home gym. * How to use nutrition to build muscle without increasing body fat. * The scoop on supplements, the truth about aerobics, and much more. Containing detailed beginner, intermediate, and advanced workout routines; packed with information on diet, cooking, and nutrition; filled with training schedules, exercise plans and nutrition logs; The Hardgainers' Bodybuilding Handbook is a must for anyone who is serious about bulking up.",['Hugo Rivera'],2005-03-08,['Health & Fitness'],
The Heinous Truth! about Utah!,An irreverent guide to the State of Utah.,['C. L. Crosby'],2002-01,['Humor'],
"Meet You in Hell: Andrew Carnegie, Henry Clay Frick, and the Bitter Partnership That Transformed America","Two founding fathers of American industry. One desire to dominate business at any price. “Masterful . . . Standiford has a way of making the 1890s resonate with a twenty-first-century audience.”—USA Today “The narrative is as absorbing as that of any good novel—and as difficult to put down.”—Miami Herald The author of Last Train to Paradise tells the riveting story of Andrew Carnegie, Henry Clay Frick, and the bloody steelworkers’ strike that transformed their fabled partnership into a furious rivalry. Set against the backdrop of the Gilded Age, Meet You in Hell captures the majesty and danger of steel manufacturing, the rough-and-tumble of the business world, and the fraught relationship between “the world’s richest man” and the ruthless coke magnate to whom he entrusted his companies. The result is an extraordinary work of popular history. Praise for Meet You in Hell “To the list of the signal relationships of American history . . . we can add one more: Andrew Carnegie and Henry Clay Frick . . . The tale is deftly set out by Les Standiford.”—Wall Street Journal “Standiford tells the story with the skills of a novelist . . . a colloquial style that is mindful of William Manchester’s great The Glory and the Dream.”—Pittsburgh Tribune-Review “A muscular, enthralling read that takes you back to a time when two titans of industry clashed in a battle of wills and egos that had seismic ramifications not only for themselves but for anyone living in the United States, then and now.”—Dennis Lehane, author of Mystic River",['Les Standiford'],2005-05-10,['History'],2.0
Feynman's Rainbow: A Search for Beauty in Physics and in Life,"Einstein’s Dreams meets Tuesdays with Morrie in Leonard Mlodinow’s touching memoir about the guidance granted him by his mentor, the brilliant physicist Richard Feynman. For some, it was that special connection with a grandparent or a football coach, a boss, or a cleric. For Leonard Mlodinow, as a young physicist struggling to find his place in the world, the relationship that would most profoundly influence his life was with his mentor, the Nobel Prize-winning physicist Richard Feynman. Drawing on transcripts from his many meetings with Feynman during their time together at Cal Tech, Mlodinow shares Feynman’s provocative answers to such questions as “What is the nature of creativity?” and “How does a scientist think?” At once a moving portrait of a friendship and an affecting account of Feynman’s final, creative years, FEYNMAN’S RAINBOW celebrates the inspiring legacy of one of the greatest thinkers of our time.",['Leonard Mlodinow'],2003-05-01,['Biography & Autobiography'],1.0
Hannah Rose (Ahab's Legacy),"Historical novel detailing the continuing adventures of Hannah Rose, widow of the infamous Captain Ahab of Moby Dick fame. Second book of the series.",['Louise M. Gouge'],2004-12,['Fiction'],1.0
"Of Water and the Spirit: Ritual, Magic and Initiation in the Life of an African Shaman","Maliodoma Patrice Some was born in a Dagara Village, however he was soon to be abducted to a Jesuit school, where he remained for the next fifteen years, being harshly indoctrinated into european ways of thought and worship. The story tells of his return to his people, his hard initiation back into those people, which lead to his desire to convey their knowledge to the world. Of Water and the Spirit is the result of that desire; it is a sharing of living African traditions, offered in compassion for those struggling with our contemporary crisis of the spirit.",['Malidoma Patrice Some'],1995-05-01,"['Body, Mind & Spirit']",1.0
Appassionata,"Operazangeres Nina Rousseau breekt haar carrière af nadat twee van haar minnaars op verdachte wijze om het leven zijn gekomen. Derek Hugo, een pianist, weet haar over te halen om naar het internationale podium terug te keren, maar moet eerst beloven dat hij haar niet zal proberen te verleiden. Samen bereiden ze een recital voor. Wanneer ze ’s avonds ergens eten, wordt het restaurant overvallen, een gebeurtenis waardoor alles tussen hen verandert. Nina wil afzien van haar comeback, maar Derek houdt voet bij stuk. Ze besluiten een weekend door te brengen in een oude, afgelegen boerderij, waar Nina misschien alsnog voor Dereks verlangens zal zwichten. Er volgt een bloedstollende ontknoping. Appassionata is een donker, broeierig verhaal over muziek, liefde en spoken, maar vooral over de gevaarlijke kanten van een fatale vrouw.","['André Brink', 'Rob van der Veer']",2011-10-07,['Fiction'],
Conjectures of a guilty bystander,"In this series of notes, opinions, experiences, and reflections, Thomas Merton examines some of the most urgent questions of our age. With his characteristic forcefulness and candor, he brings the reader face-to-face with such provocative and controversial issues as the “death of God,” politics, modern life and values, and racial strife–issues that are as relevant today as they were fifty years ago. Conjectures of a Guilty Bystander is Merton at his best–detached but not unpassionate, humorous yet sensitive, at all times alive and searching, with a gift for language which has made him one of the most widely read and influential spiritual writers of our time.",['Thomas Merton'],2009-11-17,['Religion'],4.0
"The Open Society and Its Enemies, Vol. 1: The Spell of Plato","Written in political exile during the Second World War, The Open Society and its Enemies prophesied the collapse of communism in Eastern Europe and exposed the fatal flaws of socially engineered political systems.","['Karl Raimund Popper', 'Václav Havel', 'Ernst Hans Josef Gombrich']",2011,['Philosophy'],
The Legacy of Buck and Dottie Rambo,,['Buck Rambo'],1993-01-01,['Christian biography'],
A Little Fate,"Four inspirational stories include Signs of Light, in which a lonely woman befriends a single mom; Faith Will Overcome, in which a woman learns to love herself; Maybelline, in which a woman learns lessons about trust and priorities; and Survival Instincts, in which a librarian helps a reporter find forgiveness. Original. 35,000 first printing.","['Jacquelin Thomas', 'ReShonda Tate Billingsley', 'J.D. Mason', 'Sandra Kitt']",2013-09-24,['Fiction'],
"Red Lobster, White Trash, & the Blue Lagoon: Joe Queenan's America","A riotously funny, razor-sharp indictment of America's cultural wasteland by one of its most merciless critics.",['Joe Queenan'],1999-04-14,['Humor'],6.0
The Story of My Life,"Burt Prelutsky, award-winning humor columnist and movie critic for the Los Angeles Times, has also written for The New York Times, TV Guide, Modern Maturity, Emmy, Holiday, American Film, and Sports Illustrated. He has also written episodes of television shows you may remember, including Dragnet, McMillan & Wife, M*A*S*H, Mary Tyler Moore, Rhoda, The Bob Newhart Show, Family Ties, Dr. Quinn, and Diagnosis Murder. Jean Stapleton, Ed Asner, Keith Carradine, Mare Winningham, Jean Simmons, Jack Warden, Barnard Hughes, Richard Thomas, Sharon Gless, Sylvia Sidney, Harold Gould, and Lillian Gish owe some of their later successes to Burt. Not exactly a memoir, his fifty-year and often hilarious career assorted notables, nut cases, and celebrated friends, such as Groucho Marx, Oscar Levant, Billy Wilder, Tiny Tim, Ginger Rogers, Spiro Agnew, Jimmy Stewart, Norman Lear, George Kennedy, Susan Strasberg, Andy Warhol, Jack Palance, Bob Hope, Jill St. John, George C. Scott, Dick Van Dyke, George Burns, Farrah Fawcett, Gene Kelly, Jack Webb, Stan Laurel, Dalton Trumbo, Burt Reynolds, Lizabeth Scott, Dana Andrews, William Peter Blatty, Diane Sawyer, George Carlin, Orson Bean, William Saroyan, Carol Burnett and . . . Sonny Tufts! If you enjoyed his best seller, Conservatives Are from Mars, Liberals Are from San Francisco, you’ll be entertained by his half-century of encounters, collaborations, and friendships—with all the boring parts left out.",['Burt Prelutsky'],2017-04-23,['Biography & Autobiography'],
Disciples of Destruction,Subtitle on jacket: The religious origins of war and terrorism. Includes index. Bibliography: p. [421]-435.,['Charles W. Sutherland'],1987,['Religion'],
Too Hot Too Handle (Arabesque),"When notorious playboy Jared Cates turns his seductive charms on her, Jenny Eastman, who is tired of players, agrees to go along with a scheme concocted by all of his ex-lovers to teach him a valuable lesson, but the tables turn on Jenny when undeniable passion flares between them. Original.",['Monica Jackson'],2001-09-01,['Fiction'],1.0
"Green Lantern: New Journey, Old Path","Green Lantern must defeat Nero, an escaped mental patient in possesion of the Yellow Lantern Ring, who could destroy the world.","['Judd Winick', 'Darryl Banks', 'Mark D. Bright']",2001,['Juvenile Fiction'],
"Brotherhood of the Bomb : The Tangled Lives and Loyalties of Robert Oppenheimer, Ernest Lawrence and Edward Teller","The fascinating story of the men who founded the nuclear age, fully told for the first time The story of the twentieth century is largely the story of the power of science and technology. Within that story is the incredible tale of the human conflict between Robert Oppenheimer, Ernest Lawrence, and Edward Teller-the scientists most responsible for the advent of weapons of mass destruction. How did science-and its practitioners-enlisted in the service of the state during the Second World War, become a slave to its patron during the Cold War? The story of these three men, builders of the bombs, is fundamentally about loyalty-to country, to science, and to each other-and about the wrenching choices that had to be made when these allegiances came into conflict. Gregg Herken gives us the behind-the-scenes account based upon a decade of research, interviews, and newly released Freedom of Information Act and Russian documents. Brotherhood of the Bomb is a vital slice of American history told authoritatively-and grippingly-for the first time.",['Gregg Herken'],2013-08-13,['Biography & Autobiography'],
Adobe Details,"In their fourth book, authors/designers Karen Witynski and Joe Carr forage through the American Southwest and mountains of Mexico in search of the furnishings, accents and architectural elements that reveal its time-honored beauty and character. From rugged Arizona ranches and haciendas to contemporary Santa Fe homes, Adobe Details celebrates the natural materials--earth, wood and stone--that proudly bear evidence of the human hand. From adobe walls textured with agave fibers to hand-adzed vigas and gleaming Saltillo-tile floors, the adobe home is alive with rich surfaces that evoke a casual, timesless context. Adobe Details will show you how to achieve the look.",['Karen Witynski'],2009-09,['Architecture'],
Year of Wonders (Turtleback School & Library Binding Edition),"""New Mexico's rich and varied history is easily accessible via detours down obscure backroads and overlooked off-ramps. By taking the road less traveled in any direction, visitors can experience ancient landmarks, cultural heritage sites and striking vistas. Stop at places along the old Route 66, sample the world s best chiles by the Rio Grande or soak in geothermal water flowing under Truth or Consequences. Ancient dwellings in remote canyons, the town where the first atomic bomb was secretly assembled and the grave of Billy the Kid all lie off the beaten path in the Land of Enchantment. Authors Arthur and David Pike map out these and many more worthwhile points of interest for the curious traveler.""--Back cover.",['Arthur Pike & David Pike'],2017,['History'],
Just Desserts,"This cookbook presents an excellent collection of desserts of all types; cookies, cakes, pies, squares and specialty items. It also includes some refreshments to serve with desserts and several items for gift giving.",['Anna Taylor'],2007-12-01,['Cooking'],
Booknotes,"Gathers interviews with American authors who appeared on C-Span's television program ""Booknotes""",['Brian Lamb'],1997,['Literary Collections'],1.0
"The ""God"" Part of the Brain: A Scientific Interpretation of Human Spirituality and God","Is Man the product of a God...or is ""God"" the product of human evolution? From the dawn of our species, every human culture-no matter how isolated-has believed in some form of a spiritual realm. According to author Matthew Alper, this is no mere coincidence but rather due to the fact that humans, as a species, are genetically predisposed to believe in the universal concepts of a god, a soul and an afterlife. This instinct to believe is the result of an evolutionary adaptation-a coping mechanism-that emerged in our species to help us survive our unique and otherwise debilitating awareness of death. Spiritual seekers and atheists alike will be compelled and transformed by Matthew Alper's classic study of science and religion. The 'God' Part of the Brain has gained critical acclaim from some of the world's leading scientists, secular humanists, and theologians, and is as a must read for anyone who has pondered the question of God's existence, as well as the meaning of our own. Praise for The ""God"" Part of the Brain ""This cult classic in many ways parallels Rene Descartes' search for reliable and certain knowledge...Drawing on such disciplines as philosophy, psychology, and biology, Alper argues that belief in a spiritual realm is an evolutionary coping method that developed to help humankind deal with the fear of death...Highly recommended.""— Library Journal ""I very much enjoyed the account of your spiritual journey and believe it would make excellent reading for every college student - the resultant residence-hall debates would be the best part of their education. It often occurs to me that if, against all odds, there is a judgmental God and heaven, it will come to pass that when the pearly gates open, those who had the valor to think for themselves will be escorted to the head of the line, garlanded, and given their own personal audience."" — Edward O. Wilson, two-time Pulitzer Prize-Winner ""This is an essential book for those in search of a scientific understanding of man's spiritual nature. Matthew Alper navigates the reader through a labyrinth of intriguing questions and then offers undoubtedly clear answers that lead to a better understanding of our objective reality."" — Elena Rusyn, MD, PhD; Gray Laboratory; Harvard Medical School ""What a wonderful book you have written. It was not only brilliant and provocative but also revolutionary in its approach to spirituality as an inherited trait.""— Arnold Sadwin, MD, former chief of Neuropsychiatry at the University of Pennsylvania ""A lively manifesto...For the discipline's specific application to the matter at hand, I've seen nothing that matches the fury of The 'God' Part of the Brain, which perhaps explains why it's earned something of a cult following."" — Salon.com ""All 6 billion plus inhabitants of Earth should be in possession of this book. Alper's tome should be placed in the sacred writings' section of libraries, bookstores, and dwellings throughout the world. Matthew Alper is the new Galileo...Immensely important...Defines in a clear and concise manner what each of us already knew but were afraid to admit and exclaim.""— John Scoggins, PhD ""Vibrant ... vivacious. An entertaining and provocative introduction to speculations concerning the neural basis of spirituality.""— Free Inquiry Magazine",['Matthew Alper'],2008-09-01,['Science'],4.0
The Commercial Lease Guidebook: Learn How to Win the Leasing Game!,"Ideal for businesspeople, this guide offers plain language explanations of the clauses and traps in a commercial lease.",['Thomas G. Mitchell'],1992,['Business & Economics'],
"The Greek New Testament, 4th Revised Edition","While the Nestle-Aland Novum Testamentum Graece is designed for scholarly research, the Greek New Testament, 5th Revised Edition is designed for translators and students. Like NA28, this is the leading edition of the original text of the New Testament. It contains the same Greek text as NA28, differing only in some details of punctuation and paragraphing. The critical apparatus includes exegetically significant variants (fewer than NA28) but adds extensive manuscript evidence (more than NA28) for each variant, thereby offering in-depth instruction for students on how variants and the evidence for them work together. An introduction in English is included and an optional Concise Greek- English Dictionary of the New Testament by Barclay Newman is available.",['German Bible Society'],2014-08-01,['Bibles'],
The Robot's Rebellion: Finding Meaning in the Age of Darwin,"Responds to the idea that humans are merely survival mechanisms for their own genes, providing the tools to advance human interests over the interests of the replicators through rational self-determination.",['Keith E. Stanovich'],2005-10-15,['Philosophy'],1.0
SCHOOL OF NATURAL HEALING,"Cameron Wolfe woont nog thuis met zijn ouders, zijn broer Ruben en zijn zus Sarah. Cameron kijkt op tegen zijn broer, die elke week een nieuwe vriendin lijkt te hebben. Als Octavia haar intrede doet in huize Wolfe, begrijpt Cameron niet hoe zijn broer zo'n lief meisje heeft kunnen inpalmen. Maar als Ruben haar dumpt, krijgt Cameron zijn kans. Octavia geeft hem de moed de confrontatie aan te gaan met zichzelf en zijn demonen. Tegenover haar wil hij bewijzen dat er niets mooiers is dan een underdog die opkomt voor zichzelf...",['Markus Zusak'],2012-06-15,['Fiction'],
Tough Trip Through Paradise,"He saw the buffalo vanish from the plains and the Indians driven from their own land, forced to seek refuse in, hostile territories and hostile tribes. In a Pend d""Oreille camp he met and married the lovely NezPerce girl, In Who Lise, and found himself at common cause with her, both in the tragedy of her people, and the wild, rich spirit of her race.",['Andrew Garcia'],1976,['Indians of North America'],1.0
The magnificent defeat,"A collection of sermons in the form of meditations on various aspects of the religiously meaningful life grouped about the themes of surrender, love, and grace.",['Frederick Buechner'],1966,['Bible'],3.0
"Egyptian Hieroglyphic Grammar: With Vocabularies, Exercises, Chrestomathy (A First-Reader, Sign-List&Glossary;)",,['Samuel Alfred Browne Mercer'],1984,,
Wisdom of the Heart (Puffy Books),"Inspiration for a Life Worth Living! Life is most fully lived from the inside out. For many years, bestselling author Alan Cohen has been guiding people to go out of their minds . . . and return to their senses; to escape the circular tyranny of overthinking and find joy and wisdom in the depths of their heart. This reader-friendly companion to the soul culls the finest pearls of insights on this path and forms a compelling road map home. Wisdom of the Heart contains many inspiring aphorisms and condensed lessons that make this the perfect daily companion for yourself or a loved one.",['Alan Cohen'],2002,"['Body, Mind & Spirit']",
The Secret Life of Puppets,"In one of those rare books that allows us to see the world not as we've never seen it before, but as we see it daily without knowing, Victoria Nelson illuminates the deep but hidden attraction the supernatural still holds for a secular mainstream culture that forced the transcendental underground and firmly displaced wonder and awe with the forces of reason, materialism, and science. In a backward look at an era now drawing to a close, The Secret Life of Puppets describes a curious reversal in the roles of art and religion: where art and literature once took their content from religion, we came increasingly to seek religion, covertly, through art and entertainment. In a tour of Western culture that is at once exhilarating and alarming, Nelson shows us the distorted forms in which the spiritual resurfaced in high art but also, strikingly, in the mass culture of puppets, horror-fantasy literature, and cyborgs: from the works of Kleist, Poe, Musil, and Lovecraft to Philip K. Dick and virtual reality simulations. At the end of the millennium, discarding a convention of the demonized grotesque that endured three hundred years, a Demiurgic consciousness shaped in Late Antiquity is emerging anew to re-divinize the human as artists like Lars von Trier and Will Self reinvent Expressionism in forms familiar to our pre-Reformation ancestors. Here as never before, we see how pervasively but unwittingly, consuming art forms of the fantastic, we allow ourselves to believe.",['Victoria Nelson'],2003-11-01,['Literary Criticism'],
The House at Otowi Bridge: The Story of Edith Warner and Los Alamos,"This is the story of Edith Warner, who lived for more than twenty years as a neighbor to the Indians of San Ildefonso Pueblo, near Los Alamos, New Mexico. She was a remarkable woman, a friend to everyone who knew her, from her Indian companion Tilano, who was an elder of San Ildefonso, to Niels Bohr, Robert Oppenheimer, and the other atomic scientists who worked at Los Alamos during World War II. ""A finely told tale of a strange land and of a rare character who united with it and, without seeming to do anything to that end, exerted an unusual influence upon all other lovers of that soil with whom she came in contact. The quality of the country, of the many kinds of people, and of the central character come through excellently."" --Oliver La Farge",['Peggy Pond Church'],1973-05-01,['History'],3.0
The Hardest 30 Days of Your Life,"CHANGE YOUR LIFE IN 30 DAYS takes you on a thirty-day journey that will help you make extraordinary changes in your life. Rhonda focuses on breaking the myths that keep you locked in fear and unable to be true to yourself. With her trademark sensitivity and humour, insight and advice, Rhonda helps define life goals and outline the steps needed to reach these goals. For anyone who has ever wanted a fresh start or tried to make major life changes and failed, the answer lies within this book.",['Rhonda Britten'],2011-06-23,['Self-Help'],
River Jordan,"As the site of several miracles in the Jewish and Christian traditions, the Jordan is one of the world’s holiest rivers. It is also the major political and symbolic border contested by Israelis and Palestinians. Combining biblical and folkloric studies with historical geography, Rachel Havrelock explores how the complex religious and mythological representations of the river have shaped the current conflict in the Middle East. Havrelock contends that the intractability of the Israeli-Palestinian conflict stems from the nationalist myths of the Hebrew Bible, where the Jordan is defined as a border of the Promised Land. Both Israelis and Palestinians claim the Jordan as a necessary boundary of an indivisible homeland. Examining the Hebrew Bible alongside ancient and modern maps of the Jordan, Havrelock chronicles the evolution of Israel’s borders based on nationalist myths while uncovering additional myths that envision Israel as a bi-national state. These other myths, she proposes, provide roadmaps for future political configurations of the nation. Ambitious and masterful in its scope, River Jordan brings a fresh, provocative perspective to the ongoing struggle in this violence-riddled region.",['Rachel Havrelock'],2011-10-27,['Religion'],
"Neptune, the 12th House and Pisces","Explore the meanings and lessons of Neptune, the 12th house, and Pisces in astrology. This comprehensive volume provides impeccable clarity and guidance on this compelling subject.",['Maurice Fernandez'],2018-05-17,,
Abraham Lincoln: A biography (A Modern Library Giant #G64),A definitive work covering the entire life of the Civil War President,['Benjamin P. Thomas'],1979-04,['Juvenile Nonfiction'],
The Parables of Peanuts,"First published in 1968, this contemporary case for vigorous Christian faith –– profusely illustrated by Charles Schulz‘s delightful peanuts cartoon strips –– sheds more light on the Christian faith and how it is to be lived than many more ""serious"" theological works, with hundreds of cartoons featuring your favorite peanuts characters Charlie Brown, Lucy, Linus, And of course, Snoopy (including the earliest red baron strips). This book‘s wise observations are as timeless as they are timely. ""Short . . .succeeds in making theology enjoyable."" ––Christian Century "". . . a real delight from beginning to end. I could not possibly be more pleased."" ––Charles Schulz, creator of Peanuts",['Robert L. Short'],2002-02-19,['Religion'],2.0
Love Potion #9 (Magical Love Series),"In the backcountry of North Carolina in 1927, 13-year-old Harriet, motherless since birth and rejected by Joshua, her father, and ignored by Ida, her jealous stepmother, has no expectations that she will ever be loved. When she encounters Spider, a man of deception, whose own childhood experiences are despicable, she is like a dirt dauber's nest with the dirt still wet, not yet secure in its foundation, its edges raw, unpolished and easily uprooted. She has never before met a man who calls himself Spider, but she knows spiders -the many legged kind. She knows how they weave webs to trap unsuspecting victims. But she believes Spider offers her the love no one else has, and her need is like that of someone in a dry desert with parched lips. His entrapment of her and the consequences she endures come long before a conjure woman, a painter, an old Indian man and a host of other unlikely characters change her expectations.",['Gerri Brooks'],2005-01-25,['Fiction'],
The Further Adventures of Halley's Comet (Norton Paperback),,['John Calvin Batchelor'],1986,['Fiction'],
The soul of man under socialism (The Humboldt library of science),"This book contains a collection of poignant essays on the subject of socialism, anarchism and art.","['Oscar Wilde', 'William Morris', 'W. C. Owen']",1892,['Socialism'],
The Quest for Corvo,"One day in 1925 a friend asked A. J. A. Symons if he had read Fr. Rolfe's Hadrian the Seventh. He hadn't, but soon did, and found himself entranced by the novel -- ""a masterpiece""-- and no less fascinated by the mysterious person of its all-but-forgotten creator. The Quest for Corvo is a hilarious and heartbreaking portrait of the strange Frederick Rolfe, self-appointed Baron Corvo, an artist, writer, and frustrated aspirant to the priesthood with a bottomless talent for self-destruction. But this singular work, subtitled ""an experiment in biography,"" is also a remarkable self-portrait, a study of the obsession and sympathy that inspires the biographer's art.",['A.J.A. Symons'],2001-03-31,['Biography & Autobiography'],5.0
Arlene Sardine,"So, you want to be a sardine? Once there was a fish named Arlene, who wanted to be a sardine. She wanted to be a sardine just like the silvery, salty fish that you see in those little tins at the grocery store. With the bold brushstrokes of his vibrant illustrations, Chris Raschka follows Arlene’s journey from a fjord to a big net to a briny bath aboard a fishing boat. And he reveals just how to get packed like a sardine! This fixed-layout ebook, which preserves the design and layout of the original print book, features read-along narration.",['Chris Raschka'],2013-03-19,['Juvenile Fiction'],19.0
The Reengineering Revolution: a handbook,In Reengineering the Corporation Michael Hammer introduced to reengineering success. He and his colleague Steven Stanton offer practical guidance on the principles of reengineering. The book contains case studies and examples and takes the mystery out of reengineering.,"['Michael Hammer', 'Steven A. Stanton']",1995,['Industrial management'],
Unabridged Christianity: Biblical Answers to Common Questions About the Roman Catholic Faith,"This book is an attempt by Fr. Romero to share some of the scriptural and historical ""evidence"" that the contemporary Roman Catholic Church and the Apostolic Church founded by Jesus Christ circa 30 A. D. are one and the same. Using some of the commonly-heard misconceptions about the Catholic Faith as points of departure, Fr. Romero examines various key passages from Scripture, looks at historical documentation found in secular sources and, at the end of each chapter, presents quotes from the writings of the first generations of Christians to show that modern-day Catholic beliefs and practices have solid precedence in the beliefs and practices of the early Church.",['Mario P. Romero'],1999,['Religion'],
The Team That Couldn'T Lose,"A young, inexperienced football team discovers its beginner's luck is due to a series of mysterious but successful plays anonymously sent to the coach.",['Matt Christopher'],2009,['Football stories'],
Ogden Nash: The Life and Work of America's Laureate of Light Verse,"Looks at the life, career, and writings of the American poet.","['Douglas M. Parker', 'Dana Gioia']",2005,['Biography & Autobiography'],1.0
"How to Be a Great Communicator: In Person, on Paper, and on the Podium",,['Nido R. Qubein'],1997,,
70 Years of Miracles,,['Richard H. Harvey'],1977,['Clergy'],
Power of An Hour: Business and Life Mastery in One Hour A Week,"Praise for The Power of an Hour ""The master at getting what you want from others now tells us how to get what we want from ourselves! This is really a great book, and I recommend it highly-for you, for your team, and for your children."" -Bob Burg, author, Endless Referrals ""If you want to make predictable, systematic change in your life or your business, buy this book. Each chapter is a stand-alone system that results in powerful change . . . fast."" -David Hancock, The Entrepreneurial Publisher, CEO, Morgan James Publishing ""Dave's methods helped me take my business from $0 to $10 million in sales.If you're a creative business owner who wants total focus and massive success, run, don't walk, and get this book!"" -Stephanie Frank, author, The Accidental Millionaire ""The Power of an Hour is a mighty powerful way to sort out your financesby first sorting out yourself!"" -Mark Joyner, #1 bestselling author, The Irresistible Offer ""The disease of the twenty-first century, no matter who you are or what you do,is Time Deficit Disorder. Dave Lakhani offers a brilliant solution in this book.Get it and take the cure-you'll be surprised how much better you feel!"" -David Garfinkel, author, Customers on Demand",['Dave Lakhani'],2010-12-03,['Business & Economics'],2.0
Skirt and the Fiddle,"Tossing aside his musical career and heterosexuality after a discouraging gig, violinist Charlie, along with sodden anarchist Tinsel, raises money illegally by killing sewer rats, before falling for the bewitching Louise.",['Tristan Egolf'],2002,['Fiction'],1.0
Statistical Modeling for Biomedical Researchers: A Simple Introduction to the Analysis of Complex Data,A second edition of the easy-to-use standard text guiding biomedical researchers in the use of advanced statistical methods.,"['William D. Dupont', 'William Dudley Dupont']",2009-02-12,['Medical'],
101 Defensive Line Drills,"Consists of 101 proven drills designed to develop the basic skills attendant to defensive line play. The book covers drills on agility, tackling, run-play, pass-rush and movement.",['Mark Snyder'],1999-02-03,['Sports & Recreation'],
Slave Girl of Gor,"Taken as a possession, Judy Thornton, an Earth resident, is found meandering in the wilderness of the Earth-like planet of Gor. In keeping with the culture of the Goreans, she is trained and used as a slave. What her masters don't know is that Judy is more than just beautiful chattel. She has the power to obliterate Gor and all that is related to it. Determined to seize control of her, priest-kings and Kur-Monster enter combat, unaware of the fact that the fate of Gor rests in the hands of the ethereal Judy. Rediscover this brilliantly imagined world where men are masters and women live to serve their every desire.",['John Norman'],2014-05,['Fiction'],
Three Year Picnic: An American Woman's Life Inside Japanese Prison Camps in the Philippines During WWII,,['Evelyn Whitfield'],1999,['History'],
By the Light of the Moon,"A scientific thriller finds three traveling companions--itinerant artist Dylan O'Conner, his autistic younger brother Shepherd, and Jillian Jackson, a young stand-up comic--on the run, just one step ahead of deadly pursuers, as they race against time to uncover the meaning of an attack by a mysterious doctor and the injection that now appears to have vicious consequences.",['Dean R. Koontz'],2012,['Fiction'],24.0
John Coltrane's Giant Steps (Richard Jackson Books),"You may be surprised at the tricky music a box, a snowflake, some raindrops, and a kitten can make. Right before your eyes. And on the pages of this book. There is someone backstage watching, encouraging our performers but keeping them under control. Why not listen along?",['Chris Raschka'],2002-07-01,['Juvenile Nonfiction'],2.0
Why the North won the Civil War (Collier Books),"Focusing on the political, military, economic, social, and diplomatic reasons behind the Union victory, this collection presents the most complete picture of this key aspect of Civil War studies. In an essay new to this edition, Henry Steele Commager offers a historiographical overview of the collapse of the Confederacy. Richard N. Current describes the economic superiority of the North and shows how the civilian resources of the South were dissipated during the war. T. Harry Williams examines the deficiencies of the Southern military strategy and leadership. Norman A. Graebner discusses the reluctance of France and England to aid the South. David Herbert Donald, in his own essay, reports that excessive Southern emphasis on individual freedom fatally undermined military discipline. And David M. Potter suggests that a lack of political leadership in the South resulted in gross incompetence. And exclusively for this edition, the editor has written a new foreword and completely updated the bibliography to create the most comprehensive and enlightening guide to understanding this fascinating issue.",['Richard Nelson Current'],1962,['History'],
Embedded Media Processing (Embedded Technology),"In the past, embedded engineers needed to utilize a combination of traditional microcontrollers and DSP's (digital signal processors) in order to produce optimal designs for use in multimedia applications. However, this multiprocessor design technique is tough to implement, because it requires the engineer to write twice the code. Further, the designs resulting from such a marriage are limited because two processors cost more, take up more physical space, require more memory, and use up more power than just one would. And so a new kind of processor, the EMP (embedded media processor), was born! An embedded media processor combines the best aspects of a traditional microncontroller and a DSP for use in a multimedia product. As the demand grows for smaller, faster, multifunction, portable embedded products, such as video-enabled cellphones and pda's that play music or games, EMP's become more popular. As a result, an increasing number of engineers need to migrate from using multiprocessor methods to using EMP's in their designs. This book is the one-stop shop for the many engineers who need to understand what embedded media processors can do, and how to implement them. KEY FEATURES: comprehensive subject coverage with emphasis on practical application essential assembly language code included throughout many real-world examples using Analog's popular Blackfin Processor architecture This book provides information that engineers cannot get anywhere else. The discussion of EMP's is general enough to assure that engineers using any EMP, not just the Blackfin, will benefit from it. The book's in-depth analysis will allow engineers to decrease product development times and increase robust design for applications in multimedia. For about $50, the engineer is equipped by the experts and empowered to succeed.","['David J. Katz', 'Rick Gentile']",2005,['Technology & Engineering'],3.0
"... Eothen,","Eothen is the earliest work of Alexander William Kinglake, best known as the historian of the Crimean War. It is an account of a tour—or rather of selected adventures which occurred during a tour—undertaken in the Levant in 1834, but was not published until ten years later. The biographical notices of the are somewhat meagre, as by his dying directions all his papers were destroyed. He was born near Taunton in 1809, and educated at Eton and Trinity College, Cambridge, at which latter he is said to have been the friend of Thackeray and Tennyson. On leaving college he started on his Oriental tour with Lord Pollington (the Methley of Eothen), and on returning to England was called to the Bar at Lincoln’s Inn, and obtained a lucrative practice. But the life was too tame to suit his taste. In 1845 he visited Algeria, and went through a campaign with the flying column of St. Arnaud; and in 1854 went to the Crimea with Lord Raglan, and was present at the battle of Alma. On returning to England he decided to go into politics, and was elected for Bridgewater in 1857 in the Liberal interest. He seems to have been a poor speaker, and to have exercised little parliamentary influence; but we are told that in 1859 he was strongly opposed to the Conspiracy Bill, which was introduced after Orsini’s attempt to murder Napoleon III., and that in 1860 he denounced the cession of Nice and Savoy to France. In both cases he was apparently actuated by his personal dislike of Napoleon, which is evident in his historical works. In 1868 he was again returned for Bridgewater, but unseated on petition, for bribery. One might have supposed that he had acquired this habit in the East, but his biographers assert that he knew nothing of the irregularities which were committed by his agents. But the chief business of his later life was the composition of the History of the War in the Crimea, of which the first two volumes appeared in 1863, and the seventh and eighth (completing the work) in 1887. He died in 1891.",['Alexander William Kinglake'],2020-09-28,['Middle East'],2.0
Drive Time: Spanish (CD): Learn Spanish While You Drive (All-Audio Courses),Pick up the essentials of the Spanish language with this easy-to-use program.,['Paul Noble'],2010-09-01,['Spanish language'],
Overcome Fears and Anxiety Auto-matically (While-U Drive),"Feel Confident - End Your Stress, Anxiety, and Low Self-Esteem! 3rd edition No matter how much time you spend on your work, there's no escaping the fact that you have to put some effort into your personal life. Have you ever come home after a long day at work wishing you could do away with all of your stress and anxiety? This amazing book teaches you: What Your Thoughts are All About How to Control Your Thoughts Making a Safe Place for Your Mind How to Observe Others Methods for Recognizing and Fixing Your Self-Confidence Problems How to Identify Your Good Points Ways to Enjoy Healthy Self-Indulgence How to Improve Your Breathing Ways to Give Your Body and Mind a Break Methods for Handling Panic You'll even discover helpful exercises in confidence, positivity, and relaxation to put this valuable knowledge into practice in your daily life.",['James Seals'],2016-01-02,,
"The Complete Peanuts, 1959- 1960 (The Complete Peanuts: The Fifties)","Peanuts is the most popular comic strip in the history of the world. Its characters - Charlie Brown, Snoopy, Lucy, Linus, Schroeder, and so many more - have become dearly loved icons for generation after generation. Now Charles Schulz's classic, Peanuts, will be reprinted in its entirety for the first time. In these beautifully produced editions, the strip will be presented in full in chronological order. They will be the ultimate books for Peanuts' fans the world over. These first volumes will be of particular fascination to Peanuts aficionados. Many of the strips from the series' first two or three years have never been collected before, in large part because they showed a young Schulz working out the kinks in his new strip. They include some characterizations and designs that are quite different from the cast we all know, including Snoopy's debut as a puppy!",['Charles M. Schulz'],2007,['Comics & Graphic Novels'],8.0
"Five Years, Four Fronts: The War Years of Georg Grossjohann","A superb wartime memoir of a professional German soldier who rose from sergeant to major during World War II, which combines stark recollections of combat and candid portraits of superiors, peers, and subordinates on four fronts across Europe.",['Georg Grossjohann'],2005-01-01,['History'],
"Blood Angels: Deus Encarmine (Warhammer 40,000)","Retreating following an ignominious defeat, the Space Marines are given reinforcements from a new army led by the legendary primarch, Sanguinius, a fierce warrior who has supposedly been dead for centuries. Original.",['James Swallow'],2005-01-01,['Fiction'],
The Slim Fast Body Mind Life Makeover,A fourteen-day weight loss and fitness program combines the use of the Slim-Fast diet plan with more than seventy-five quickly prepared recipes,"['Lauren Hutton', 'Deborah Kotz']",2000,['Health & Fitness'],
"Hot Monogamy: Essential Steps to More Passionate, Intimate Lovemaking",Dr. Love's unique program shows how any couple can combine the security of a long-term relationship with the heat and passion of a new affair. Love provides exercises and specific advice to help the couple address each one's emotional as well as sexual needs.,"['Patricia Love', 'Jo Robinson']",1994,['Family & Relationships'],
The Sacred Cut,"A horrific murder pitches Nic Costa and his team into a collision with US agents – and a secret that has festered for fifteen years. The snow is falling on the ancient streets of Rome. And in the heart of the city, under the Pantheon's great dome, a woman's body lies on the marble floor, carefully positioned with a gruesome carving on her back. Arriving at the scene, Detective Nic Costa is unprepared for what he finds, nor for the intervention of US agents with a take-no-prisoners style and a shocking story to tell: the killer has struck before, in monuments all over the world, leaving the same cryptic message carved onto the bodies of the victims. As the murder leads to more grisly slayings and the team of veteran Roman cops clash with the Americans, Nic is pulled into a harrowing search for the truth...a search that will take him into a shocking conspiracy – and a dark episode in a nation's long-forgotten past.",['David Hewson'],2018-04-01,['Fiction'],9.0
Lives of Girls and Women,"WINNER OF THE NOBEL PRIZE® IN LITERATURE 2013 The only novel from Alice Munro-award-winning author of The Love of a Good Woman--is an insightful, honest book, ""autobiographical in form but not in fact,"" that chronicles a young girl's growing up in rural Ontario in the 1940's. Del Jordan lives out at the end of the Flats Road on her father's fox farm, where her most frequent companions are an eccentric bachelor family friend and her rough younger brother. When she begins spending more time in town, she is surrounded by women-her mother, an agnostic, opinionted woman who sells encyclopedias to local farmers; her mother's boarder, the lusty Fern Dogherty; and her best friend, Naomi, with whom she shares the frustrations and unbridled glee of adolescence. Through these unwitting mentors and in her own encounters with sex, birth, and death, Del explores the dark and bright sides of womanhood. All along she remains a wise, witty observer and recorder of truths in small-town life. The result is a powerful, moving, and humorous demonstration of Alice Munro's unparalleled awareness of the lives of girls and women.",['Alice Munro'],2011-12-21,['Fiction'],2.0
Ella,"A clever parody about a little girl living in a hipster hotel. This is ELLA. She is six years old. She lives at the Local Hotel. She has a nanny called Manny. He has tattoos for sleeves and he might go in with some guys to buy a grilled cheese truck. Sometimes Ella weaves purses out of Ziploc bags and reclaimed twine. (She is artsy of course.) She has a dog named Stacie and a fish named Rasta and a scooter which is important for getting everywhere she needs to be. Altogether she has been to 62 events including that Hillary Clinton fundraiser. She is NEVER bored. If Ella and Kay Thompson’s Eloise got together for a play date, they would have a very good time indeed.",['Mallory Kasdan'],2015-01-22,['Juvenile Fiction'],1.0
Collected Poems Of Robert Service,"For contents, see Author Catalog.",['Robert William Service'],1940,['Poetry'],
Where Rainbows End,"'Where Rainbows End' is a bittersweet tale of childhood friends Rosie and Alex whose relationship must survive many trials and tribulations, not least the discovery of their true feelings for one another.",['Cecelia Ahern'],2005,['Boston (Mass.)'],57.0
Applying Educational Research: A Practical Guide,,['Walter R. Borg'],1987,['Education'],
The Sultan's Seal: A Novel,"""A wonderful read…. An historical novel of the highest quality.""—Iain Pears Rich in sensuous detail, this first novel brilliantly captures the political and social upheavals of the waning Ottoman Empire. The naked body of a young Englishwoman washes up in Istanbul wearing a pendant inscribed with the seal of the deposed sultan. The death resembles the murder by strangulation of another English governess, a crime that was never solved. Kamil Pasha, a magistrate in the new secular courts, sets out to find the killer, but his dispassionate belief in science and modernity is shaken by betrayal and widening danger. In a lush, mystical voice, a young Muslim woman, Jaanan, recounts her own relationships with one of the dead women and her suspected killer. Were these political murders involving the palace or crimes of personal passion? An absorbing tale that transports the reader to nineteenth-century Turkey, this novel is also a lyrical meditation on the contradictory desires of the human soul. Reading group guide included. Includes the first chapter of the next Kamil Pasha novel.",['Jenny White'],2007-02-17,['Fiction'],9.0
Eyewitness: Russia,"Discover the fascinating cities and vast landscapes of the world's largest country - from stunning imperial palaces to remote lakes and soaring mountains - with the DK Eyewitness Travel Guide: Russia. Explore the cultural treasure troves of St Petersburg and Moscow, relax in the balmy seaside resort of Sochi, or venture further east to Siberia to discover the mysteries of Lake Baikal and marvel at the Valley of the Geysers in Kamchatka. DK Eyewitness Travel Guide: Russia includes fantastic photography and illustrations, full-colour maps, detailed reviews of all the main attractions, background information on Russia's history and culture, and reviews of the most authentic hotels, bars and restaurants to help you plan the perfect trip. Winner of the Top Guidebook Series in the Wanderlust Reader Travel Awards 2017.",['Dk Publishing'],2016-11,['Russia'],
There Must Be a Pony in Here Somewhere,"“AOL had found itself at the edge of disaster so frequently that one of its first executives, a brassy Vietnam veteran and restaurateur named Jim Kimsey, had taken the punch line of an old joke popularized by Ronald Reagan and made it into an unlikely mantra for the company. It concerned a very optimistic young boy who happened upon a huge pile of horse manure and began digging excitedly. When someone asked him what he was doing covered in muck, the foolish boy answered brightly, ‘There must be a pony in here somewhere!’” —From the Prologue If you’re wondering what happened after “a company without assets acquired a company without a clue,” as Kara Swisher wryly writes, it’s time to crack open this trenchant book about the doomed merger of America Online and Time Warner. On a quest to discover how the deal of the century became the messiest merger in history, Swisher delivers a rollicking narrative and a keen analysis of this debacle that is a must-read for anyone who wants to understand what it all means for the digital future. Packed with new revelations and on-the-record interviews with key players, it is the first detailed examination of the merger’s aftermath and also looks forward to what is coming next. It certainly has not been a pretty picture so far—with $100 billion in losses, a sinking stock price, employees in revolt, and lawsuits galore. As Swisher writes, “It is hard not to feel a bit queasy about the whole sorry mess. . . . It felt a bit like I was watching someone fall down a flight of stairs in slow motion, and every bump and thump made me wince. It made me reassess old ideas and wonder what I had gotten wrong. And it left me deeply confused as to what had happened and, more important, what was coming next.” For Swisher, finding the answers to what went awry is important because she remains a staunch believer in the digital future—maybe not in the AOL Time Warner merger, but in the essential idea at the heart of it that someday the distinction of old and new media will no longer exist. Borrowing from Winston Churchill, Swisher calls it “the end of the beginning” of the digital revolution. “By that, I mean that it is from the ashes of this bust that the really important companies of the next era will emerge. And that evolution will, I believe, be shaped by what happened—and what is happening now—at AOL Time Warner.” To figure it all out, Swisher takes her reader on a journey that begins with a portrait of two wildly different corporate cultures and businesses that somehow came to believe, in the crucible of the red-hot Internet era, that they could successfully join forces and achieve unprecedented growth and success. When the merger was announced in early 2000, the irresistible combination was hailed as the new paradigm and its executives—Steve Case, Jerry Levin, Bob Pittman—as popular icons of the future. But after the boom so spectacularly turned to bust and the visions of New Media Supremacy lay in ruins, Swisher searches for clues about where the merger went wrong and who is to blame. More important, she looks to the future of both AOL Time Warner and the Internet as she seeks to answer the key question that the noise of the disaster has all but drowned out. Will the demise of the AOL Time Warner merger be the final and inevitable chapter of the dot-com debacle or will it herald a new paradigm altogether? This book, then, is a primer for the time to come, using the story of the AOL Time Warner merger as the vehicle to show the troubled journey into the future.",['Kara Swisher'],2003-10-14,['Business & Economics'],
The Old Testament Speaks,"Here is a freshly updated edition of one of the most popular introductions to the history and literature of the Old Testament. The Old Testament Speaks offers a clear picture of the archaeological, geographical, historical, and linguistic dimensions of God's covenant with his people from the time of Abraham to the coming of the Messiah. The Old Testament Speaks examines the historical and religious life of the Hebrews, integrates the development of non-hebraic cultures with conventional biblical history, and reviews the best modern scholarly research in placing the Scriptures in their Near Eastern setting. Samuel J. Schultz emphasizes the importance of letting the Scriptures tell their own stories. He makes selective use of the best and latest literature in Old Testament studies, and offers a balanced perspective. Schultz sifts the facts and follows them to their inevitable conclusions. However, when the evidence is not definitive, he exercises caution, presenting his own interpretation as only one of several possible views. Schultz also appraises the impact of recent archaeological and historical findings on the understanding of key portions of the Old Testament. The Old Testament Speaks contains all the relevant material -- biblical and nonbiblical -- necessary for classroom use or personal study of the Old Testament. Schultz provides outlines that reflect the historical background and summarize the contents of each biblical book, as well as charts and maps to help visualize the biblical narrative. He has also revised and updated the biblio-graphies at the end of each chapter.",['Samuel J. Schultz'],1999-12-22,['Religion'],
"Sweet Dreams, Moon Baby: A Quilt to Make, a Story to Read","The author used her applique expertise to create the Moon Baby and its supporting cast of sweet block designs like Wee Babe, Sleepy Star, and Smiling Sun. The six dreamy baby projects include the Moon Baby quilt, Golden Slumbers wall hanging and a mobile.",['Elly Sienkiewicz'],2003,['Crafts & Hobbies'],
Poet's Guide: How to Publish and Perform Your Work (Story Line Press Writer's Guides),,,2001,"['Authors, American']",
Lassie Come-Home,Presents the classic tale about a prize collie's homeward journey after she is sold to a wealthy family because hard times befall her original owners. Reissue.,['Eric Knight'],2007-09-18,['Juvenile Fiction'],3.0
The Library Of Flute Classics (Library of Series),(Music Sales America). A compendium of classic solos for the flute. This expansive volume contains the great masterpieces of the world's foremost composers. Over 50 favorite flute solos with full piano accompaniment and a separate matching solo part for the flautist. Carefully selected to provide a lifetime of playing pleasure for every performer. Spiral bound.,['Hal Leonard Corp'],1999,['Music'],
The Otterbury Incident,"A reissue of a much-loved adventure which has stood the test of time and is as exciting today as when it was first published nearly 70 years ago. It all begins when Nick breaks the classroom window with his football, and the Headmaster says Nick has to pay for the damage. Nick has no more hope of raising the money than of going to the Moon, so that's when rivalling Ted's and Toppy's gangs decide to sign a truce and plan Operation Glazier to get the money for Nick. The plan goes smoothly and soon the money has been collected, but when it goes missing the boys turn detective to try and find the culprit.",['C. Day Lewis'],2017-07-06,['Juvenile Fiction'],1.0
A New Fear (Fear Street Sagas #1),"From the beloved and bestselling author of the Goosebumps series comes three haunting and terrifying Fear Street Saga novels—now available in one chilling paperback edition. Fear Street is cursed. It’s been that way for hundreds of years. Unspeakable horrors haunt those who’ve walked on its terrifying path. And it all started with one family—the Fears. Go back to how it all began and discover why the heir to the Fear name attempted to escape the family curse, how a young woman fell victim to the haunted Fear mansion, and why marrying into the Fear family means being trapped in a world of death and horror. And how Fear Street became the evil place it is today.",['R.L. Stine'],2016-12-20,['Juvenile Fiction'],
"Little women, or, Meg, Jo, Beth, and Amy","Little Women with a twist: four sisters from a blended family experience the challenges and triumphs of life in NYC in this beautiful full-color graphic novel perfect for fans of Roller Girl and Smile. Meg, Jo, Beth, and Amy are having a really tough year: with their father serving in the military overseas, they must work overtime to make ends meet...and each girl is struggling in her own way. Whether it's school woes, health issues, boy troubles, or simply feeling lost, the March sisters all need the same thing: support from each other. Only by coming together--and sharing lots of laughs and tears--will these four young women find the courage to discover who they truly are as individuals...and as a family. Meg is the eldest March, and she has a taste for the finer things in life. She dreams of marrying rich, enjoying fabulous clothes and parties, and leaving her five-floor walk-up apartment behind. Jo pushes her siblings to be true to themselves, yet feels like no one will accept her for who she truly is. Her passion for writing gives her an outlet to feel worthy in the eyes of her friends and family. Beth is the shy sister with a voice begging to be heard. But with a guitar in hand, she finds a courage that inspires her siblings to seize the day and not take life for granted. Amy may be the baby of the family, but she has the biggest personality. Though she loves to fight with her sisters, her tough exterior protects a vulnerable heart that worries about her family's future.",['Rey Terciero'],2019-02-05,['Juvenile Fiction'],6.0
"3D; Diet, Discipline and Discipleship (Individual Member's Kit)","The candid, moving count of how God led Carol Showalter to an understanding of why she ate as she did, and how he gave her concrete, positive steps to alter behavior patterns of a lifetime.",['Carol D. Showalter'],1998-02-01,,
The Shroud of Torrington,"David Paul enjoys his job as a program instructor for developmentally challenged adults. He gets along great with his coworkers, and he thrives on the challenge each day brings. But it's the special relationship with an elderly resident named Huey that David treasures most. After a new group home manager, Brad Ramsey, takes charge of Huey's residence, David begins to suspect the charismatic Brad is not all that he seems. Before long, David suspects that Brad is ritualistically torturing Huey. But how will he prove it? Frustrated with his inability to protect his vulnerable friend, David is further shocked when Huey mysteriously disappears. Both the police and David are baffled over the strange image left behind on Huey's bed linens. It bears a marked resemblance to the famous Shroud of Turin. Why was this modern duplicate to the Shroud of Turin created? As David digs deeper into the mystery, his journey takes him through danger and unrequited love, ultimately culminating in a battle between good and evil.",['Jeffrey J. Messenger'],2005,['Fiction'],
Knight in Shining Armor: Discovering Your Lifelong Love,"P.B. Wilson's Knight in Shining Armor (more than 150,000 copies sold) lets women know that if they desire true love, they need to prepare themselves mentally, physically, and emotionally...and God will bring their knight in shining armor to them. Readers will discover what they need to change and what should stay the same to make themselves attractive to godly men. Principles taught include— emotionally healthy women attract emotionally healthy men dating someone in hopes he'll change later is asking for trouble a potential knight's past reveals how he'll act in the future Practical and realistic, this book helps women break free from ineffective behaviors and attitudes to discover God's design for waiting, dating, and choosing a mate.",['P.B. Wilson'],2006-01-01,['Religion'],12.0
Born Beautiful: The African American Teenager's Complete Beauty Guide,"""When I read Born Beautiful, I thought ' finally, a beauty book that addresses the unique needs of black teens.' I highly recommend this book to all parents for their beautiful daughters."" -Terrie Williams, author Stay Strong: Simple Life Lessons for Teens Born Beautiful is the best! It's detailed and easy to follow! It gives great examples and real-life scenarios! Whether you are a ""natural-look-with-lip-gloss girl"" or a ""high-profile prima donna,"" this book is for you! If you want to know all about your skin type and how to care for it, which makeup colors are best for your skin tone and how to apply them, and how to wear and care for your hair, then you've got to read it! And wait until you check out the ""Teen Tips"" written by girls like you and the ""Special Stuff"" that will give you a winning edge! There is a great color chart to help you select your best cosmetic and fashion colors, and we put you to the test with Quizzes and ""Dos and Don'ts."" Born Beautiful will help you to understand and appreciate who you are -a beautiful African American teen. Born Beautiful was written specifically for you-the African American teenager. Never before have your specific grooming needs been addressed. You are a unique individual. Fornay's straightforwardness gives you up-to-date information about: * Daily Routines for Great Skin * Gorgeous Makeup from Day to Date * Chic Hairstyles & Care for Your Hair * Ten Steps to Fabulous Nails * Choosing the Right Colors for Your Best Look * Good Food for Fitness & Fortitude * Making Sense of Your Fragrance Choices * The ""411"" on Tattoos, Body Piercing & Other Fads * Beauty Tips from Your Favorite Celebs, Including Destiny's Child, Brandy, and Ananda Lewis",['Alfred Fornay'],2002-03-15,['Health & Fitness'],
Before the Bell,"This devotional book for teachers includes a devotional, scripture and prayer for each day of the school year.",['Vicki Caruana'],2006-07,['Education'],
"Workbook/Lab Manual for Asi es, 4th","Tu mundo immerses the Intro Spanish student in a culturally rich world full of opportunities to discover and explore the powerful connections between themselves and the people and cultures of the Spanish-speaking world. Students dive in to intensive communicative practice, building confidence in their ability to interact in a meaningful way in Spanish with access to a wealth of tools to support and guide their progress, including video chat, interactive online scenarios, and an adaptive diagnostic program. In addition, students are able to create their own sense of community, resulting in a unique individual experience that will evolve organically with each student, sparking their natural curiosity about their world. Tu mundo employs a communicative methodology that focuses on developing all four skills, supported by the best digital learning platform available today: Connect Spanish. Because Tu mundo was designed with today’s students in mind, students are more readily engaged with the content, thanks to their avid use of web-based tools, their innate interest the cultures of other countries, and their preference for visual presentations and quick access to information. Tu mundo reflects the world in which our students live; where online learning, social networking, texting, instant messaging, mobile devices, tablets, online gaming, and virtual scenarios are an integral part of daily life. What are the pillars of Tu mundo? Our extensive and ongoing research in the Intro Spanish course has led to the creation of Tu mundo, with a strong emphasis on the 5 C’s: Communication, Culture, Connections, Comparisons, and Communities. Tu mundo delivers content in a variety of ways in order to ensure consistent course outcomes across all course formats. 1.Improved communication performance & skills: By jumping directly into communicative practice at the beginning of every chapter, students are encouraged to immerse themselves in the experience of active learning, whether in a face-to-face or online classroom. Grammar is presented at the end of each chapter, allowing students to study at home and work through the exercises in Connect Spanish for automatic feedback, coming to class ready to engage in discussion. This emphasis on communication in the classroom makes Tu mundo the most effective communicative program on the market. No other program commits to this methodology like Tu mundo. 2.Creating consistent learning outcomes: Tu mundo offers a powerful adaptive learning system called LearnSmart that allows students to identify grammatical structures and vocabulary words not yet mastered and to receive an individualized study program for mastering them. Students of all experience levels will benefit from using LearnSmart, which includes built-in reporting and a competitive scoreboard. Connect Spanish Voice Board and Blackboard Instant Messenger (BbIM), both powered by Wimba, ensure that students are getting ample practice time no matter where their classes take place. 3. Building community and connections between students: Creating a sense of community in the face-to-face or virtual classroom is a huge part of language learning and something that Tu mundo does implicitly. Whether students collaborate in a physical classroom or in Connect Spanish, they are provided with opportunities to engage in meaningful conversations and collaborative task-based activities. The Amigos sin fronteras, a cast of young Hispanic students that share common interests, are featured throughout the entire program and showcased in the Así somos video segments. Through the Amigos sin fronteras, students are exposed to a friendly model on how to apply what they are learning to another friendly group of students, i.e. their own class. In addition, Tu mundo presents an interactive online environment that applies engaging content and task-based scenarios that enable you to practicing your language skills in a fun, immersive way. Thus, students can practice Spanish in a context that is not only fun but extremely motivating. 4.More Culture and Comparisons coverage: Culture is so often left behind—so Tu mundo offers it throughout the program. Each chapter features a country of focus which doubles as the home country of one of the fifteen amigos. Along with in-chapter cultural sections, every chapter of Tu mundo features a second video segment called Mi país (within Connect), narrated by the amigos themselves, as they share information about their native countries. This window into the lives of the amigos provides a point of comparison for you to describe your own life. The Mundo interactivo scenarios represent a variety of cultural contexts in which you can interact with language and culture in a way that is meaningful to you.","['Magdalena Andrade', 'María Cabrera-Puche', 'Jeanne Egasse', 'Elías Miguel Muñoz']",2015-03-02,['Foreign Language Study'],
MCTS Self-Paced Training Kit (Exam 70-536): Microsoft .NET Framework 2.0 Application Development Foundation,,"['T.·诺萨普 (美)', 'Tony Northrup', 'S.·维德姆斯 (美)', 'Shawn Wildermuth', 'B.·莱恩 (美)', 'Bill Ryan']",2007,['Application software'],
Healing the Inner Self: From Darkness Into Light,"All experiences of life have a lasting effect on us. Positive experiences attract positive energy, or in other words, light. This energy puts one into a mode of living that produces health, happiness, and success.Negative experiences attract negative energy, or in other words, darkness. This energy puts one into a mode of living that produces bad health, depression, self-defeating attitudes, and failure.This book will help one understand this phenomenon and teach one how to find the darkness, release it, and replace it with light. Thus one can make the transition from darkness into light.Updated 2021 Edition: Fixed minor spelling and format issues. New paperback format. Otherwise, the same content as previous editions.",['Melvin C. Fish'],2021-06-07,,
Running Wild: An Extraordinary Adventure from the Spiritual World of Running,The photojournalist describes his recovery from an ankle injury and his three-time run the length of the Grand Canyon despite doctors' claims he would never be able to run again,['John Annerino'],1997-12-01,['Sports & Recreation'],
Discovering America,"""The Maestros do a real service here in presenting the more familiar explorers in the context of all the migrations that have populated the Western Hemisphere....An outstanding introduction.""--Kirkus Reviews. ""The dazzlingly clean and accurate prose and the exhilarating beauty of the pictures combine for an extraordinary achievement in both history and art.""--School Library Journal.",['Betsy Maestro'],1992-04-20,['Juvenile Nonfiction'],2.0
"Hollywood Death and Scandal Sites: Sixteen Driving Tours with Directions and the Full Story, from Tallulah Bankhead to River Phoenix","The deaths of film celebrities are sometimes even more fascinating than their lives. Hollywood visitors and natives are often drawn to sites of tragedy involving the rich, the beautiful, and the notorious. This book can make finding those locations simple. These sixteen driving tours cover over 500 sites relating to celebrity deaths and scandals. Each tour covers a specific area of the world's film capital, from Sunset Strip to Bel Air, giving specific directions to each location on the tour. Sites include famous graves, like Rudolph Valentino's, where the Lady in Black made her annual pilgrimage for thirty years; houses and businesses said to be haunted by those as famous in death as they were in life; locations of famous murders and deaths, from William Desmond Taylor to John Belushi; and scandalous locations like the infamous Francis Brothel. Tips for safe and enjoyable touring are also included, and the tours allow everyone from the mildly curious to the completely morbid to find some of Hollywood's darkest corners.",['E. J. Fleming'],2000,['Social Science'],1.0
The History and Practice of Ancient Astronomy,Birth of astronomy -- Celestial sphere -- Some applications of spherics -- Calendars and time reckoning -- Solar theory -- Fixed stars -- Planetary theory -- Frequently used tables -- Appendix : patterns for models.,"['James Evans', 'mes Evans']",1998-10,['History'],1.0
Nothing Friendly in the Vicinity: My Patrols on the Submarine USS Guardfish during WWII,"Conner, a radar technician aboard the Guardfish, examines the chain of events the led to the sinking and presents details of the Court of Inquiry that followed, including his testimony as an eyewitness.""--Jacket.",['Claude C. Conner'],2004,['History'],
Big Book of Little Criminals,"Based on thorough research, 'The big book of the weird wild West' presents an unabashed look at the violence, tragedy and strangeness of the American frontier. Using humor and wit to depict tales of cannibalism, gunfights, decapitations, curses, ghosts, cults, lynch mobs, alcoholism, prostitution, and airships, this amusing and informative tome presents the West in an unflattering but accurate fashion. Also included in this black and white comic strip book are the true histories and adventures of such western legends as Jesse James, Doc Holiday, Butch Cassidy, and the infamous Donner Party.",['John Whalen'],1998,['Comics & Graphic Novels'],
The Bicycle Man,The amazing tricks two American soldiers perform on a borrowed bicycle are a fitting finale for the school sports day festivities in a small village in occupied Japan.,['Allen Say'],1989-03-27,['Juvenile Fiction'],9.0
Quantitative analysis for management,"""Quantitative Analysis for Management helps students to develop a real-world understanding of business analytics, quantitative methods, and management science by emphasizing model building, tangible examples, and computer applications. The authors offer an accessible introduction to mathematical models and then students apply those models using step-by-step, how-to instructions. For more intricate mathematical procedures, the 13th Edition offers a flexible approach, allowing instructors to omit specific sections without interrupting the flow of the material. Supporting computer software enables instructors to focus on the managerial problems and solutions, rather than spending valuable class time on the details of algorithms.""--","['Barry Render', 'Ralph M. Stair', 'Michael E. Hanna', 'Trevor S. Hale']",2017-01-05,['Management science'],
"The African American Woman's Guide to Successful Makeup and Skincare, Revised Edition","Gives advice on selecting skin care products and makeup, and tells how to plan a skin care routine to handle individual problems",['Alfred Fornay'],1998,['Health & Fitness'],
Social security number verification,,,2000,['Electronic government information'],
Stay: A Novel,"In the summer of 1969, fourteen-year-old Lucas Painter carries a huge weight on his shoulders. His brother is fighting in Vietnam. His embattled parents are locked in a never-ending war. And his best friend, Connor, is struggling with his own family issues. To find relief from the chaos, Lucas takes long, meandering walks, and one day he veers into the woods.",['Catherine Ryan Hyde'],2020-03,['Fiction'],
TRAVELING MERCIES. SOME THOUGHTS ON FAITH.,"Combining elements of spiritual study and memoir, the author describes her odyssey of faith, drawing on her own sometimes troubled past to explore the many ways in which faith sustains and guides one's daily life",['Anne Lamott'],2000-02-01,['Biography & Autobiography'],47.0
XENOGENESIS,"In the aftermath of Earth's final war, Lilith awakens to see a shadowy figure -- Jdahya, one of the Oankali, a race that has decided to save the human race from itself. Lilith learns that the Oankali are gene traders who interbreed with failing species so that both races can survive. Jdahya proposes that Lilith mate with a third sex in their culture, creating human-alien hybrids who do not have humanity's weaknesses. As her new world beckons, Lilith must decide if survival is worth the price.",['Octavia E. Butler'],1987,['Genetic engineering'],2.0
Turing and the Universal Machine: The Making of the Modern Computer (Revolutions of Science),Describes the work of Alan Turing and the development of the computer.,['Jon Agar'],2001,['Science'],2.0
"Textbook of Radiographic Positioning and Related Anatomy, 6e","- Lampignano and Bontrager: Textbook of Radiographic Positioning and Related Anatomy, 6e (0-323-02507-2) - Lampignano and Bontrager: Mosby's Radiography Online to Accompany Textbook of Radiographic Positioning & Related Anatomy (User Guide and Access Code), 6e (0-323-03613-9) - Lampignano and Bontrager: Radiographic Positioning and Related Anatomy Workbook and Laboratory Manual Volume 1, 6e (0-323-02504-8) - Lampignano and Bontrager: Radiographic Positioning and Related Anatomy Workbook and Laboratory Manual Volume 2, 6e (0-323-02505-6)","['Kenneth L. Bontrager', 'John Lampignano']",2005-08,['Medical'],
Standing in a River Waving a Stick,"Brilliant, witty, perceptive essays about fly-fishing, the natural world, and life in general by the acknowledged master of fishing writers. With his inimitable combination of wit and wisdom, John Gierach once again celebrates the fly-fishing life in Standing in a River Waving a Stick and notes its benefits as a sport, philosophical pursuit, even therapy: “The solution to any problem—work, love, money, whatever—is to go fishing, and the worse the problem, the longer the trip should be.” After all, fly-fishing does teach important life lessons, says Gierach—about solitude, patience, perspective, humor, and the sublime coffee break. Recounting both memorable fishing spots and memorable fish, Gierach discusses what makes a good fly pattern, the ethics of writing about undiscovered trout waters, the dread of getting skunked, and the camaraderie of fellow fishermen who can end almost any conversation with “Well, it’s sort of like fishing, isn’t it?” Reflecting on a lifetime of lessons learned at the end of a fly rod, Gierach concludes, “The one inscription you don’t want carved on your tombstone is ‘The Poor Son of a Bitch Didn’t Fish Enough.’” Fortunately for Gierach fans, this is not likely to happen.",['John Gierach'],2010-05-11,['Sports & Recreation'],
Advanced Strategic Planning: A New Model for Church and Ministry Leaders,"Now in its second edition, this helpful guide offers a nine-step strategic thinking and acting model and numerous useful ideas for equipping a church to carry out its mission.",['Aubrey Malphurs'],2005-08-01,['Religion'],5.0
The Book of Psalms,"A reasonably priced, quality black hardcover pew and ministry Bible featuring a large 12-point font.","['Zondervan Publishing House', 'Zondervan']",2013-01-21,['Bibles'],
Philosophical investigations;: The English text of the third edition,One of the most influential philosophical workks of the 20th century.,['Ludwig Wittgenstein'],1958,['Philosophy'],
Photography: Revised Edition,,['Time-Life Books'],1971,"['Photography, Artistic']",
An Experiment in Criticism,"Why do we read literature and how do we judge it? C. S. Lewis's classic An Experiment in Criticism springs from the conviction that literature exists for the joy of the reader and that books should be judged by the kind of reading they invite. He argues that 'good reading', like moral action or religious experience, involves surrender to the work in hand and a process of entering fully into the opinions of others: 'in reading great literature I become a thousand men and yet remain myself'. Crucial to his notion of judging literature is a commitment to laying aside expectations and values extraneous to the work, in order to approach it with an open mind. Amid the complex welter of current critical theories, C. S. Lewis's wisdom is valuably down-to-earth, refreshing and stimulating in the questions it raises about the experience of reading.",['C. S. Lewis'],2012-03-26,['Literary Criticism'],9.0
A Clue From the Grave,"In June 1986, the naked corpse of Kathleen Lipscomb was found outside San Antonio, Texas. Her estranged husband, distinguished Air Force Master Sgt. Bill Lipscomb, had an alibi that was airtight. But Kathleen's family wasn't convinced of Bill's innocence, especially when he remarried soon after his wife's death and lived on her $315,000 insurance policy. With the help of an expert murder profiler, nicknamed ""Dr. Death"", they finally saw Bill Lipscomb brought to justice. Photo insert.",['Irene Pence'],1997,['True Crime'],
Before Color Prejudice: The Ancient View of Blacks,Argues that ancient civilization did not discriminate against Black people and suggests reasons for the development of prejudice in the modern world,['Frank M. Snowden'],1983,['History'],1.0
Global Critical Race Feminism: An International Reader (Critical America),"""The book is an idea that has finally found its time."" --Publisher's Weekly ""I think your book on Christopher Columbus is important. I'm more grateful for that book than any other book I have read in a couple of years."" --Kurt Vonnegut",['Adrien Katherine Wing'],2000-05-01,['Law'],
"Stealth Health: How to Sneak Age-Defying, Disease-Fighting Habits Into Your Life Without Really Trying",,"[""Reader's Digest Association (Canada)""]",2010-07,['Health'],
See Them Die,"An electrifying 87th Precinct mystery. Pepe Miranda--murderer, crook, and two-bit hero of the street gangs--threatens to turn the neigborhood into a killer's haven. The boys at the 87th Precinct can't afford to pass up any tip in the manhunt . . . not even one that leads into a hail of gunfire.",['Ed McBain'],2012-02-28,['Fiction'],
The Berenstain Bears' New Baby,"This classic Berenstain Bears story is a perfect way to help a child get ready for a new sibling! Come for a visit in Bear Country with this timeless classic from Stan and Jan Berenstain. Join Papa, Mama, and Brother as they welcome Sister into the family and adjust to life with a new baby.","['Stan Berenstain', 'Jan Berenstain']",2011-02-02,['Juvenile Fiction'],19.0
"Boogaloo On Second Avenue : A Novel Of Pastry,Guilt,And Music","In his eagerly awaited debut novel, critically acclaimed author Mark Kurlansky entertains readers with a brilliant story bursting with the vivid events and culinary delights–even recipes–that made bestsellers out of his nonfiction works Cod, Salt, and 1968. Nathan woke up on a Friday morning with the unshakable sense that during this day he would commit a catastrophic error in judgment. Something had been written by the gods, and Nathan Seltzer knew this was one Friday that he would regret. . . . It’s the boom years of the 1980s, and life is closing in on Nathan Seltzer, who rarely travels beyond his suddenly gentrifying Lower East Side neighborhood. Between paralyzing bouts of claustrophobia, Nathan wonders whether he should cheat on his wife with Karoline, a German pastry maker whose parents may or may not have been Nazis. His father, Harry, is plotting with the 1960s boogaloo star Chow Mein Vega for the comeback of this dance craze. Meanwhile, a homicidal drug addict is terrorizing the neighborhood. With its cast of unforgettable characters, Boogaloo on 2nd Avenue is a comedy of cultures, of the old and the new, of Latinos, Jews, Sicilians, and Germans. It’s about struggling to hold on to life in a rapidly changing world, about food and sex, and about how our lives are shaped by love and guilt.",['Mark Kurlansky'],2005-03-29,['Fiction'],
The Heart of Midlothian,,['Walter Scott'],1839,['Great Britain'],5.0
Mob over Miami,"From New York Daily News crime reporter Michele McPhee comes the incredible true story of Chris Paciello, a young thug from Staten Island who rose to the pinnacle of high society in Miami's tony South Beach-only to lose it all when his bloody past caught up with him.",['Michele McPhee'],2002,['True Crime'],
Wild Trek,A trapper and his dog travel into the Caribou Mountains to rescue a naturalist and a pilot whose plane has been downed in the rugged wilderness of northern Canada.,['Jim Kjelgaard'],1984-08-01,['Fiction'],
Object-Oriented Modeling and Design for Database Applications,"Written from a software engineering perspective, this book shows programmers & developers how to build object-oriented database applications for distributed & client/server environments using the newest update of the OMT methodology & UML.","['Michael Blaha', 'William Premerlani']",1998,['Computers'],
Five Years to Freedom,"When Green Beret Lieutenant James N. Rowe was captured in 1963 in Vietnam, his life became more than a matter of staying alive. In a Vietcong POW camp, Rowe endured beri-beri, dysentery, and tropical fungus diseases. He suffered grueling psychological and physical torment. He experienced the loneliness and frustration of watching his friends die. And he struggled every day to maintain faith in himself as a soldier and in his country as it appeared to be turning against him. His survival is testimony to the disciplined human spirit. His story is gripping.",['James N. Rowe'],2011-03-09,['History'],2.0
"Ready or Not, Here Life Comes","A guide for parents and educators offers advice on how to help adolescents transition into adulthood successfully, identifying signs that may be displayed by teens who are not ready for the realities of the adult world while recommending four key growth processes. By the author of The Myth of Laziness. Reprint. 75,000 first printing.",['Mel Levine'],2006-01-18,['Family & Relationships'],2.0
Notes from the Underground: The Most Outrageous Stories from the Alternative Press,"Tired of the same boring news stories? look no further than this compilation of the best, most original stories covered by alternative newspapers throughout America's metropolitan cities.",['Nancy Armstrong'],2005,['History'],
"The perfect Wagnerite: A commentary on the Niblung's ring,",,['Bernard Shaw'],1923,,1.0
Baby Book,"The Simplest Baby Book in the World is the illustrated grab-and-do guide for a new generation of first-time parents who want their information quick, concise, and practical. It makes raising a baby simpler by curating and distilling all the first-year baby basics down to their essentials. You will quickly and easily find simple solutions and have proven techniques at your fingertips when you need them the most whether it's 2 a.m. or 2 p.m.",['Stephen Gross'],2021-10-19,['Family & Relationships'],
"New Hope for People with Bipolar Disorder: Your Friendly, Authoritative Guide to the Latest in Traditional and Complementar y Solutions, Including: ... of Depression & Manic-Depressive ...",,,,,
Technical Communication: Update 2002,"Click here to find out more about the 2009 MLA Updates and the 2010 APA Updates. Comprehensive and truly accessible, Technical Communication guides students through planning, drafting, and designing the documents that will matter in their professional lives. Known for his student-friendly voice and eye for technology trends, Mike Markel addresses the realities of the digital workplace through fresh samples and cases, practical writing advice, and a companion Web site — TechComm Web — that continues to set the standard with content developed and maintained by the author. The text is also available in a convenient, affordable e-book format.",['Mike Markel'],2010-06-15,['Language Arts & Disciplines'],
Rules of the Lake: Stories,"Stories on growing up in Florida, centered on a girl who wants to be a mermaid. When not partying and chasing boys, Annie Bartlett practices holding her breath underwater in the same lake in which her mother drowned. A look at the dreams of youth.","['Irene Ziegler', 'Irene Ziegler Aston']",1999,['Fiction'],
A Gathering of Gargoyles ([The Darkangel trilogy),"Painfully aware that her husband Irrylath is still not free of the White Witch's spell, Aeriel sets out on a dangerous quest to gather the winged steeds that Irrylath and his brothers need to do battle against the powerful witch.",['Meredith Ann Pierce'],2007-10-01,['Juvenile Fiction'],3.0
Exiles in America: A Novel,"Zack Knowles, a psychologist, and Daniel Wexler, an art teacher at a college in Virginia, have been together for twenty-one years. In the fall of 2002, a few months before the Iraq War, a new artist in residence, Abbas Rohani, arrives with his Russian wife, Elena, and their two children. But Abbas is not quite what he seems, and he begins an affair with Daniel. Soon politics intrude upon two families thrown together by love, threatening the future of both in ways no one could have predicted. A novel that explores how the personal becomes political, Exiles in America offers an intimate look at the meaning of marriage, gay and straight.",['Christopher Bram'],2009-10-13,['Fiction'],
Narcotics Anonymous,"Narcotics Anonymous (NA) describes itself as a ""nonprofit fellowship or society of men and women for whom drugs had become a major problem"". Narcotics Anonymous uses a traditional 12 step model that has been expanded and developed for people with varied substance abuse issues. This work is the so-called ""Basic Text"" and is divided into two parts. Part 1 discusses the basics of the NA fellowship program and the twelve steps and traditions. Part 2 is composed of many personal recovery stories.",['Wso'],2008,['Psychology'],1.0
Death of a Dissident,"The first reports seemed absurd. A Russian dissident, formerly an employee of the KGB and its successor, the FSB, had seemingly been poisoned in a London hotel. As Alexander Litvinenko's condition worsened, however, and he was transferred to hospital and placed under armed guard, the story took a sinister turn. On 23 November 2006, Litvinenko died, apparently from polonium-210 radiation poisoning. He himself, in a dramatic statement from his deathbed, accused his former employers at the Kremlin of being responsible for his murder. Who was Alexander Litvinenko? What had happened in Russia since the end of the Cold War to make his life there untenable, and even in severe jeopardy in Britain? How did he really die, and who killed him? In his spokesman and close friend, Alex Goldfarb, and widow Marina, we have two people who know more than anyone about the real Sasha Litvinenko, and about his murder. Their riveting book sheds astonishing light not just on these strange and troubling events but also on the biggest crisis in relations with Russia since the fall of the Berlin Wall.","['Alex Goldfarb', 'Marina Litvinenko']",2012-12-25,['Social Science'],1.0
Inside the Army of the Potomac: The Civil War Experience of Captain Francis Adams Donaldson,"At the outbreak of war, twenty-year-old Francis Adams Donaldson enlisted in the 1st California Regiment (later known as the 71st Pennsylvania Volunteers) of the famous Philadelphia Brigade of the II Corps, Army of the Potomac. He fought at Ball’s Bluff (where he was captured) and participated in the Peninsula Campaign until he was wounded at the Battle of Fair Oaks. Upon his recovery, Donaldson reluctantly accepted promotion to a captaincy I the Corn Exchange Regiment (also known as the 118th Pennsylvania Volunteers), which served throughout its existence in the V Corps. In his new position, Donaldson participated in all the major campaigns and battles in the East through late 1863, including Antietam, Fredericksburg, Chancellorsville, Gettysburg, Bristoe Station, and Mine Run. Although Donaldson made no secret of his distaste for writing he consistently sent home some of his letters filled as many as fifty pages of writing paper. Nearly all of his letter were written in camp of while on active campaign, imparting a freshness and immediacy that is rarely seen. His comments on fellow soldiers—be they lowly privates of major generals—were pointed and unvarnished. In addition to writing ably and including his combat experience, Donaldson also revealed much about the seldom-mentioned factors of army life—the internal feuding, the backbiting, and the politicking that coursed through many Civil War regiments. For more than 125 years, Donaldson’s letters have lain virtually untouched in the Civil War Library and Museum of Philadelphia. J. Gregory Acken has painstakingly edited these remarkable collection, making these never-before-published letters available for the first time. Their detail and honesty will astonish and enthrall anyone who has ever taken an interest in the Civil War.",['J. Gregory Acken'],2017-09-15,['History'],
All the King's Men,Willie Stark's obsession with political power leads to the ultimate corruption of his gubernatorial administration.,['Robert Penn Warren'],2002,['Fiction'],74.0
"Cognitive Neuroscience, Second Edition","This title informs readers at all levels about the growing canon of cognitive neuroscience, and makes clear the challenges that remain to be solved by the next generation.","['Dale Purves', 'Elizabeth M. Brannon', 'Roberto Cabeza', 'Kevin S. LaBar', 'Scott A. Huettel', 'Michael L. Platt', 'Marty Woldorff']",2008,['Medical'],
Duncan Delaney and the Cadillac of Doom,,['A. L. Haskett'],2000,['Fiction'],1.0
Ashes and Snow: New York Exhibition Catalog,"Catalogue of an exhibition held March 5-June 6, 2005, at the Nomadic Museum, Pier 54, New York City.",['Gregory Colbert'],2006-01,['Photography'],
Redeye - A Western,"This New York Times Notable Book is a quirky tale of the Old West from the author of The Bible Salesman, “a master of comic timing” (Richmond Times-Dispatch). “A Hollywood pitchman might call Redeye Eudora Welty meets Mark Twain,” says the New York Times Book Review about Clyde Edgerton’s “small gem of a novel,” a witty adventure set on the nineteenth-century frontier. “A rollicking tale . . . The cliff dwellings of southwest Colorado attract a motley crew of explorers in 1892, each with a personal agenda. Abel Merriwether, a local rancher and amateur archaeologist, wants to explore and protect the site; Andrew Collier, an Englishman, wants to write about it; Billy Blankenship, a local businessman, wants to develop it for tourism; Bishop Thorpe, a Mormon saint, hopes to find proof that Jesus visited there 2000 years before; and Cobb Pittman, a drifter with a red-eyed dog, seeks revenge on Thorpe for the Mountain Meadows Massacre of 1875. How this diverse bunch converges for an ill-fated tour of the site is unforgettable. A master storyteller, Edgerton proves that he is in full command of his craft no matter what the setting.” —Library Journal",['Clyde Edgerton'],1995-01-04,['Fiction'],4.0
The Aran Islands,,['John Millington Synge'],1911,['Aran Islands (Ireland)'],1.0
Phase 10: A Rummy Type Card Game With a Challenging and Exciting Twist,Not available with blister packaging. Will be supplied with a Hang Tab only.,['Blister Pack Staff'],1998-07-01,['Games'],
The Whistling Toilets,"A fun, fast-paced romantic comedy Sixteen-year-old Stan Claxton is recruited to coach his best friend, Ginny, a nationally ranked junior tennis player, through a local tournament. He is also supposed to find out why she has recently fallen into a slump. As Stan and Ginny slowly figure out just how their friendship will proceed, readers will delight in a quirky assortment of characters: Guballa and Wilcutts, Stan's other best friends, who both have the hots for Ginny; a female aerobics instructor with an incredible body and a face like Humphrey Bogart's; a glamorous unranked tennis player who might be a thief; Clinkt Eastwood--maybe; and the sophisticated Lord Boxton, one of Stan's tennis heroes, who previously owned the world's most expensive racquet. And then there are the whistling toilets. But readers will have to wait until the end of the novel to find out about those. By no means a novel for sports lovers only, Randy Powell's latest assortment of likable eccentrics will win over readers of all predilections.",['Randy Powel'],2011-04-01,['Young Adult Fiction'],
Clever Knits: 15 Great Looks for Kids,"Discover this fresh, relaxed approach to knitting for kids! You'll delight in this collection that blends timesaving techniques with smart fashion for children. Knit up sweaters, cardigans, a tunic, a party dress, and more--choose from 14 up-to-date designs for girls and boys, sizes 4 through 12 Start and finish projects with plenty of time left for kids to wear them before they outgrow them; big needles mean faster, easier knitting Minimal finishing requirements make patterns a snap to complete; flexible options make it easy to substitute different yarns",['Kristine Clever'],2002-02-11,['Crafts & Hobbies'],
Life After Life: A Story of Rage and Redemption,"Life After Life is the haunting and gloriously redemptive tale of Evans D. Hopkins's many lives, a sweeping journey from promising middle-class youth to civil rights militant, from criminal and convict to celebrated writer and enlightened man. Evans D. Hopkins was born during the Jim Crow era in a second-rate, segregated hospital, and educated in segregated primary schools in Danville, Virginia, a town that proudly proclaimed itself the ""Last Capital of the Confederacy."" With parents who stressed the value of education, as a teenager he was in the forefront of desegregation and the Civil Rights Movement. At the same time, he fell in love with the traditionally white man's game of tennis, modeling himself after his idol, the legendary Arthur Ashe, only to be swept off the courts by the Black Panther Party at the age of sixteen. Just out of high school, Hopkins moved to Panther headquarters in Oakland, California, where he spent two years writing for the Party newspaper, covering the trial of the San Quentin Six, working with Party founders Huey Newton and Bobby Seale, and taking part in their move into politics when Seale ran for mayor of Oakland. He became historian for the group, documenting the years when altercations with authorities resulted in the deaths of numerous Panthers. And he was witness to the internal strife within the Party that led to the group's decline and his own decision to leave in the fall of 1974. When he returned to Danville, Hopkins was a different man, disillusioned and filled with rage and a legacy of militancy. He was, in his own words, ""the quintessential angry young black man."" Convicted of armed robbery and given a life sentence, Hopkins would spend twenty of the next twenty-two years in the prisons of Virginia. Inside, fighting despair and isolation and dreaming of escape, Hopkins sought salvation in the written word, writing in his cell in the early morning hours to escape the noise of the prison. Focusing on issues of social and criminal injustice, Hopkins would begin reaching a national audience when his inside account of an execution, ""Who's Afraid of Virginia's Chair,"" was published in The Washington Post. Paroled in 1997, Hopkins returned home, a free man at last, but facing the overwhelming challenges of caring for his aging parents and daily life in a world that was new after so many years of incarceration. In this stunning look back at a man's struggle with himself and the world around him, Life After Life is also about the influences that sustained Hopkins's development despite overwhelming odds, influences that allowed him to emerge from two decades of imprisonment an uncorrupted man, still able to give to his family and community. Finally, Life After Life is a searingly honest view of events in America in the second half of the twentieth century as seen through the eyes of a child, a militant, a prisoner, and, most important, a writer.",['Evans D. Hopkins'],2010-06-15,['Biography & Autobiography'],
"A Connecticut Yankee in King Arthur's Court,","Featuring a new introduction and afterword, this classic social satire follows Yankee Hank Morgan after a blow to the head in nineteenth-century Connecticut transports him to 528 A.D., where he proceeds to modernize King Arthur's kingdom. Reprint.",['Mark Twain'],2004,['Fiction'],
Trouble in Triplicate,"They all thought they were about to die . . . and they were right. Dazy Perrit was an underworld kingpin until a hail of bullets sent him into early retirement. Ben Jensen was a well-connected publisher until a determined gunman severed all his connections. Eugene R. Poor made novelties like exploding cigars until one of them blew him to kingdom come. Only the gourmet sleuth, Nero Wolfe, and his sidekick, Archie Goodwin, can solve the deadly equation of murder times three. Introduction by Randy Russell “It is always a treat to read a Nero Wolfe mystery. The man has entered our folklore.”—The New York Times Book Review A grand master of the form, Rex Stout is one of America’s greatest mystery writers, and his literary creation Nero Wolfe is one of the greatest fictional detectives of all time. Together, Stout and Wolfe have entertained—and puzzled—millions of mystery fans around the world. Now, with his perambulatory man-about-town, Archie Goodwin, the arrogant, gourmandizing, sedentary sleuth is back in the original seventy-three cases of crime and detection written by the inimitable master himself, Rex Stout.",['Rex Stout'],2010-05-19,['Fiction'],6.0
Hide & Seek,"NATIONAL BESTSELLER • A high-stakes hide-and-seek competition turns deadly in this dark supernatural thriller from New York Times bestselling author Kiersten White. “The suspenseful plot combines elements of Thomas Tryon’s classic Harvest Home, Netflix’s Squid Game, and the social commentary of Jordan Peele’s film oeuvre and mixes these with a revelatory pacing reminiscent of Spielberg’s Jaws.”—Booklist The challenge: Spend a week hiding in an abandoned amusement park and don’t get caught. The prize: enough money to change everything. Even though everyone is desperate to win—to seize a dream future or escape a haunting past—Mack is sure she can beat her competitors. All she has to do is hide, and she’s an expert at that. It’s the reason she’s alive and her family isn’t. But as the people around her begin disappearing one by one, Mack realizes that this competition is even more sinister than she imagined, and that together might be the only way to survive. Fourteen competitors. Seven days. Everywhere to hide but nowhere to run. Come out, come out, wherever you are.",['Kiersten White'],2022-05-24,['Fiction'],4.0
The Staircase,"How could Lizzy Enders's father abandon her at a girls school run by nuns? She's surrounded by Catholics--but she's Methodist! Shunned by the other boarders, Lizzy befriends a wandering carpenter named José, who with just three tools--and unflagging faith--builds an elaborate spiral staircase in the new chapel in mere weeks. When he disappears without a trace, Lizzy realizes that the way she sees things is not always the way they are. Inspired by the legend of the ""miraculous"" staircase in the Chapel of Loretto in Santa Fe, Ann Rinaldi skillfully blends the mystery surrounding the staircase's builder with the daily trials of a spunky thirteen-year-old girl growing up in the 1870s.",['Ann Rinaldi'],2002-06-01,['Juvenile Fiction'],9.0
Dissecting the Social: On the Principles of Analytical Sociology,"Over the past few decades serious reservations have been expressed about the explanatory power of sociological theory and research. In this important book, leading social theorist Peter Hedström outlines the foundations of an analytically oriented sociology that seeks to address this criticism. Building on his earlier influential contributions to contemporary debates, Professor Hedström argues for a systematic development of sociological theory so that it has the explanatory power and precision to inform sociological research and understanding. He discusses various mechanisms of action and interaction and shows how strong links can be forged between the micro and the macro, and between theory and empirical research. Combining approaches to theory and methodology and using extensive examples to illustrate how they might be applied, this clear, concise and original book will appeal to a broad range of social scientists.",['Peter Hedstrom'],2005-11-10,['Social Science'],
From the Ashes,"*#1 NATIONAL BESTSELLER *Winner, Kobo Emerging Writer Prize Nonfiction *Winner, Indigenous Voices Awards *Winner, High Plains Book Awards *Finalist, CBC Canada Reads *A Globe and Mail Book of the Year *An Indigo Book of the Year *A CBC Best Canadian Nonfiction Book of the Year In this extraordinary and inspiring debut memoir, Jesse Thistle, once a high school dropout and now a rising Indigenous scholar, chronicles his life on the streets and how he overcame trauma and addiction to discover the truth about who he is. If I can just make it to the next minute...then I might have a chance to live; I might have a chance to be something more than just a struggling crackhead. From the Ashes is a remarkable memoir about hope and resilience, and a revelatory look into the life of a Métis-Cree man who refused to give up. Abandoned by his parents as a toddler, Jesse Thistle briefly found himself in the foster-care system with his two brothers, cut off from all they had known. Eventually the children landed in the home of their paternal grandparents, whose tough-love attitudes quickly resulted in conflicts. Throughout it all, the ghost of Jesse’s drug-addicted father haunted the halls of the house and the memories of every family member. Struggling with all that had happened, Jesse succumbed to a self-destructive cycle of drug and alcohol addiction and petty crime, spending more than a decade on and off the streets, often homeless. Finally, he realized he would die unless he turned his life around. In this heartwarming and heart-wrenching memoir, Jesse Thistle writes honestly and fearlessly about his painful past, the abuse he endured, and how he uncovered the truth about his parents. Through sheer perseverance and education—and newfound love—he found his way back into the circle of his Indigenous culture and family. An eloquent exploration of the impact of prejudice and racism, From the Ashes is, in the end, about how love and support can help us find happiness despite the odds.",['Jesse Thistle'],2019-08-06,['Biography & Autobiography'],8.0
The Clowns Of Gods,"This beautiful new edition of Tomie dePaola’s 1978 classic retelling of a French legend stars a little juggler whose unique talent leads him to what might be a Christmas miracle. Little Giovanni is poor and homeless, but he can do something wonderful: he can juggle. The people of Sorrento marvel at his talents, and before long, he becomes famous throughout Italy for his rainbow of colored balls that delight the nobility and townspeople alike. But as the years pass, Giovanni grows old, and his talents begin to fail him. No longer a celebrated performer, he is once again poor and homeless, begging for his food. Until one Christmas Eve, when Giovanni picks up his rainbow of colored balls once more. And what happens next just might be a miracle…",['Tomie dePaola'],2018-03-06,['Juvenile Fiction'],12.0
"GET STRONG! Body By Jake's Guide to Building Confidence, Muscles and a Great Future for Teenage Guys","""I want you to spill your guts -- dreams and fears, successes and failures -- before you spill them on the training floor. You probably have many questions about how to better your body, your mind, and your future; so if you're ready to listen, I have the answers!"" -- From the introduction to Get Strong! Now is the time to become the guy that you have always wanted to be! Get Strong! is the first guide to not only getting in shape, but also getting your life in gear. Fitness motivator Jake Steinfeld, better known to the world as ""Body by Jake,"" helps you learn the basic steps to a more confident, more powerful, and healthier life. From bicep curls to life evaluations, Jake takes a whole new look at how to make it through your teenage years, and not just as another peg on the totem pole, but as the Big Man on Campus. Chock-full of real-life tales from Jake's own youth and descriptions and illustrations of exercises to get yourself in shape, Get Strong! is the plan you need to become strong and confident. So get off your buttissimo and get down to business, because as Jake says, ""I want you to build the most impressive physique that you thought possible with this book, but I also want you to build an impressive future."" By following the steps outlined in Get Strong!, you will achieve just that. A portion of the proceeds of Get Strong! will go to the Don't Quit! Foundation.",['Jake Steinfeld'],2002-01-08,['Health & Fitness'],
Mastering Guerrilla Marketing: 100 Profit-Producing Insights That You Can Take to the Bank,"Based on years of personal experience, the author's guide to mastering the art of marketing offers chapters on media, online marketing, psychology, technology, and much more. Original.",['Jay Conrad Levinson'],1999,['Business & Economics'],
White Like Me: Reflections on Race from a Privileged Son,"Tim Wise offers a highly personal examination of the ways in which racial privilege shapes the lives of most white Americans, overtly racist or not, to the detriment of people of color, themselves, and society. The book shows the breadth and depth of the phenomenon within institutions such as education, employment, housing, criminal justice, and healthcare. By critically assessing the magnitude of racial privilege and its enormous costs, Wise provides a rich memoir that will inspire activists, educators, or anyone interested in understanding the way that race continues to shape the experiences of people in the U.S. Using stories instead of stale statistics, Wise weaves a narrative that is at once readable and scholarly, analytical and accessible.--From publisher description.",['Tim J. Wise'],2011,['Biography & Autobiography'],
"Advanced Dungeons & Dragons, Players Handbook: Special Reference Work a Compiled Volume of Information for Players of Advanced Dungeons & Dragons, Including, Character Races, Classes, and Level Abilities; Spell Tables and Descriptions; Equipment Costs; We","For many gamers, the 2nd Edition Advanced Dungeons & Dragons core rulebooks were their introduction to the roleplaying game hobby. The AD&D Player's Handbook presents all of the information a player needs to create an AD&D character from scratch and advance the character in level. This reprint of the classic rulebook features a new cover design.",['Wizards RPG Team'],2013,['Games'],
The Higher Infinite: Large Cardinals in Set Theory from Their Beginnings (Springer Monographs in Mathematics),"Over the years, this book has become a standard reference and guide in the set theory community. It provides a comprehensive account of the theory of large cardinals from its beginnings and some of the direct outgrowths leading to the frontiers of contemporary research, with open questions and speculations throughout.",['Akihiro Kanamori'],2008-11-28,['Mathematics'],
Brutal Virtue: The Myth and Reality of Banastre Tarleton,"The author focuses on two areas where Tarleton and his men have received the most condemnation: the lack of discipline and the use of terror, and concludes with a summary of the Tarleton's postwar career and a judgment on the myth and reality of Tarleton and his unit. S2099HB - $24.00",['Anthony J. Scotti'],2002,['Biography & Autobiography'],2.0
Life Among the Savages,"In a hilariously charming domestic memoir, America’s celebrated master of terror turns to a different kind of fright: raising children. In her celebrated fiction, Shirley Jackson explored the darkness lurking beneath the surface of small-town America. But in Life Among the Savages, she takes on the lighter side of small-town life. In this witty and warm memoir of her family’s life in rural Vermont, she delightfully exposes a domestic side in cheerful contrast to her quietly terrifying fiction. With a novelist’s gift for character, an unfailing maternal instinct, and her signature humor, Jackson turns everyday family experiences into brilliant adventures.",['Shirley Jackson'],2015-05-05,['Biography & Autobiography'],23.0
Rebounding from Childbirth: Toward Emotional Recovery,"A nurturing and revealing account of how giving birth can cause deep emotional wounds for women in both their perception of themselves and their ability to relate to their families and how these wounds can be healed through self-analysis, journal writing, and psychological counseling.",['Lynn Madsen'],1994-01-01,['Health & Fitness'],
An Enquiry Concerning Human Understanding,"An Enquiry Concerning Human Understanding David Hume - An Enquiry Concerning Human Understanding is a book by the Scottish empiricist philosopher David Hume, published in English in 1748. It was a revision of an earlier effort, Hume's A Treatise of Human Nature, published anonymously in London in 1739-40. Hume was disappointed with the reception of the Treatise, which ""fell dead-born from the press,"" as he put it, and so tried again to disseminate his more developed ideas to the public by writing a shorter and more polemical work.",['David Hume'],2021-12-09,['Young Adult Fiction'],
Tender Is the Night,A story of Americans on the French Riviera in the 1930s is a portrait of psychological disintegration as a wealthy couple supports friends and hangers-on financially and emotionally at the cost of their own stability,['F. Scott Fitzgerald'],1995-07,['Fiction'],
How We Believe: The Search for God in an Age of Science,"Recent polls show that 96% of Americans believe in God. Why are people turning to religion in greater numbers than ever before? In How We Believe, Michael Shermer presents the results of an exhaustive empirical study in which he asked 10,000 Americans how and why they believe and about details of their faith. The result offers fresh and startling insights into age-old questions.",['Michael Shermer'],2000-11-01,['Science'],4.0
Mary's Land..,"As the ship Charity sails from Bristol, England, in 1638 two very different women make the perilous voyage to Lord Baltimore's new colony in the wilderness on the far shore of the Atlantic Ocean. Margaret Brent is of aristocratic birth and determined to make a life for herself. Anicah Sparrow is a teenaged pickpocket kidnapped and transported to the a New World in need of laborers. In the rowdy, irreverent new settlement, both women will find a future they could not have imagined.",['Lucia St. Clair Robson'],2015-01-31,,
Darkover: First Contact,"This omnibus edition reissues two classic Darkover novels--Darkover Landfall, in which a colonial starship from Earth crashlands on an unknown planet, and Two to Conquer, in which a brutal outlaw, harnessing matrix magic, attempts to take over the Hundred Kingdoms. Original.",['Marion Zimmer Bradley'],2004,['Fiction'],1.0
THE RISE OF SILAS LAPHAM,,['William Dean Howells'],1886,,
The Moor: A Mary Russell Novel,"In the eerie wasteland of Dartmoor, Sherlock Holmes summons his devoted wife and partner, Mary Russell, from her studies at Oxford to aid the investigation of a death and some disturbing phenomena of a decidedly supernatural origin. Through the mists of the moor there have been sightings of a spectral coach made of bones carrying a woman long-ago accused of murdering her husband--and of a hound with a single glowing eye. Returning to the scene of one of his most celebrated cases, The Hound of the Baskervilles, Holmes and Russell investigate a mystery darker and more unforgiving than the moors themselves.",['Laurie R. King'],2014-03-20,['Detective and mystery stories'],31.0
Dawn and the Older Boy (Baby-Sitters Club (Quality)),"Dawn has met Travis, an older boy, and she knows he's the perfect boy for her. The Baby-sitters think that smooth talking Travis is no good and plan to tell Dawn just that.",['Ann M. Martin'],1997-04-01,['Juvenile Fiction'],
The Night Country: Reflections of a Bone-Hunting Man,,"['Loren C. Eiseley', 'Leonard Everett Fisher']",1974-01-01,['American literature'],3.0
Runner,,,,,
Mine Enemy Grows Older,,"['Alexander King (Author of ""Mine Enemy Grows Older"".)']",1963,,
Force Of Reason,The Force of Reason and the Logic of Force investigates the concept of force through various 'episodes' in the history of philosophy. The author argues that force arises on the basis of the distinction of reality and mere appearance. The book looks at figures who reduce force to something other than itself as well as figures who develop a 'logic of force' that allows them to trace the operation of force without such a reduction.,['R. Lee'],2004-08-20,['Philosophy'],
"1,001 Tips for Living Well with Diabetes: Firsthand Advice that Really Works (Marlowe Diabetes Library)","Filled with important information on diabetes, this unique guide to a common disease surveys hundreds of diabetes sufferers for their tips on how to live well with the disease, covering doctors, exercise, depression, and much, much more. Original.","['Judith H. McQuown', 'Harry Gruenspan, M.D.']",2004,['Health & Fitness'],
Birdhouses: 20 Unique Woodworking Projects for Houses and Feeders,,['Mark Ramuz'],2011,['Birdhouses'],
Hamlet,"When the ghost of his father appears to Prince Hamlet of Denmark, urging him to avenge his murder upon his uncle, the tragic flaw of indecision leads Hamlet to ruin",['William Shakespeare'],1988,['Drama'],1.0
Affectionately Yours (Zebra Regency Romance),"Anna Tremain is pleased to be back in touch with her dear friend Valerie Monroe but when she meets Valerie's appealing brother, romantic sparks will begin to fly in her life as well. Original.",['Kathryn June'],2000,['Fiction'],
Spot's Busy Day,,"[""SPOT'S.""]",1999,,
The Light the Dead See: The Selected Poems of Frank Standford,"Between 1972, when he published his first book, The Signing Knives, and 1978, when he died at the age of twenty-nine, Frank Stanford published seven volumes of poetry. Within a year of his death, two posthumous collections were published. At the time of this death, as Leon Stokesbury asserts in his introduction, ""Stanford was the best poet in America under the age of thirty-five."" The Light the Dead See collects the best work from those nine volumes and six previously unpublished poems. In the earlier poems, Stanford creates a world where he could keep childhood alive, deny time and mutability, and place a version of himself at the center of great myth and drama. Later, the denial of time and mutability gives way to an obsessive and familiar confrontation with death. Although Stanford paid an enormous price for his growing familiarity with Death as a presence, the direct address to that presence is a source of much of the striking originality and stunning power in the poetry.",['Frank Stanford'],1991,['Poetry'],
Like A Sister: A Novel,"In this ""tense, twisting mystery"" (Megan Miranda), no one bats an eye when a Black reality TV star is found dead—except her estranged half-sister, whose refusal to believe the official story leads her on a dangerous search for the truth. “I found out my sister was back in New York from Instagram. I found out she’d died from the New York Daily News.” When the body of disgraced reality TV star Desiree Pierce is found on a playground in the Bronx the morning after her 25th birthday party, the police and the media are quick to declare her death an overdose. It’s a tragedy, certainly, but not a crime. But Desiree’s half-sister Lena Scott knows that can’t be the case. A graduate student at Columbia, Lena has spent the past decade forging her own path far from the spotlight, but some facts about Desiree just couldn’t have changed since their childhood. And Desiree would never travel above 125th Street. So why is no one listening to her? Despite the bitter truth that the two haven’t spoken in two years, torn apart by Desiree’s partying and by their father, Mel, a wealthy and influential hip-hop mogul, Lena becomes determined to find justice for her sister, even if it means untangling her family’s darkest secrets—or ending up dead herself. A BOOK OF THE MONTH CLUB PICK ""A juicy mystery . . . I want everyone I know to read it so we can talk about it.""​ —Jasmine Guillory “Crackling . . . One of those books that's best prepared for ahead of time, because once you pick it up, it will be difficult to put down.” —Alyssa Cole “A riveting, read-through-the-night thriller.” —Liv Constantine ""Dishes up the glitz of the haves and the struggles of the have-nots . . . #pageturner."" —Oprah Daily “Equal parts charm and heartbreak, with razor-sharp insights on class, race, and family.” —Laura Lippman “Smart with twists you never see coming.” —Walter Mosley “Domestic suspense for the Instagram gen. #lovedit.” —Lori Rader-Day",['Kellye Garrett'],2022-03-08,['Fiction'],1.0
Godard On Godard (Da Capo Paperback),,,1993,"['Art, American']",
The Great Santini,"The piercing, iconic semi-autobiographical novel of a domineering father and ambitious son, from the #1 New York Times bestselling author of The Prince of Tides Step into the powerhouse life of Bull Meecham. He’s all Marine—fighter pilot, king of the clouds, and absolute ruler of his family. Lillian is his wife—beautiful, southern-bred, with a core of velvet steel. Without her cool head, her kids would be in real trouble. Ben is the oldest, a born athlete whose best never satisfies the big man. Ben’s got to stand up, even fight back, against a father who doesn’t give in—not to his men, not to his wife, and certainly not to his son. Bull Meecham is undoubtedly Pat Conroy’s most explosive character—a man you should hate, but a man you will love. Praise for The Great Santini “Stinging authenticity . . . a book that won’t quit.”—The Atlanta Journal “[Pat] Conroy has captured a different slice of America in this funny, dramatic novel.”—Richmond News-Leader “Conroy takes aim at our darkest emotions, lets the arrow fly and hits the bull’s-eye almost every time.”—Milwaukee Journal Sentinel “Robust and vivid . . . full of feeling.”—Newsday “God preserve Pat Conroy.”—The Boston Globe",['Pat Conroy'],2002-03-26,['Fiction'],24.0
THE ASPIRIN AGE.,A collection of twenty-two short stories that explore the events that shaped the lives of Americans in the years between the two world wars.,['Isabel Leighton'],1949,['Political Science'],
The Nutcracker Is Already Dancing: The Hivs & the Hiv-Nots,,['Cary Savitch'],1996-12,['Social Science'],1.0
Hurricane Bay,"Hurricane Bay by Heather Graham released on Nov 01, 2008 is available now for purchase.",['Heather Graham'],2008-11-01,['Fiction'],
Legend of the Loon (Legend (Sleeping Bear)),"In this retelling of an Ojibwe Indian tale, a mother bear loses sight of her two cubs as they all attempt to escape a forest fire by swimming across Lake Michigan.","['Kathy-Jo Wargin', 'Gijsbert van Frankenhuyzen']",1998,['Juvenile Fiction'],1.0
25 Houses Under 1500 Square Feet,"Following up on the successful book 25 Houses under 2500 Square Feet, this title will continue to explore, though case studies, the joys of living in compact, well designed homes. The 25 houses presented in the book offer an extraordinary range of architectural solutions for designing functional yet exciting, dramatic living spaces within a small envelope. The houses will range in size from a few hundred square feet up to 1500 square feet of heated space. As with 25 Houses, projects will be located throughout the United States with some coming from Europe, South America, Asia and Australia. Readers interested in building a primary residence, a weekend getaway, or a guest house will discover how architects, through the innovative use of common building materials and careful attention to space and light, are able to create dwellings that belie their small size. The projects were selected for their excellence in design, innovative use of materials and methods of construction, each house comprises a case study that includes interior and exterior photography by some of the finest architectural photographers working today; drawings including site plans, details, and floor plans; and concise, informative text that highlights the design and technical aspects of the house. Architects and architectural firms to be featured include: Lake/Flato, Olson Sunberg Kundig Allen, Archi-Tonics, Via Architecture, Dean/Wolf, Belmont Freeman,Hanrahan and Meyers, AC2, Frank Harmon.",['James Grayson Trulove'],2004-11-09,['Architecture'],
Major Problems in American Immigration and Ethnic History (Major Problems in American History),This unique volume explores such themes as the political and economic forces that cause immigration; the alienation and uprootedness that often follow relocation; and the difficult questions of citizenship and assimilation.,['Jon Gjerde'],1998,['Social Science'],
Bodega Dreams: A Novel,"""A new and authentic voice of the urban Latino experience."" --Esmeralda Santiago, author of When I Was Puerto Rican In a stunning narrative combining the gritty rhythms of Junot Diaz with the noir genius of Walter Mosley, Bodega Dreams announces the arrival of a writer who ""The Village Voice has already hailed as ""a Writer on the Verge."" The word is out in Spanish Harlem: Willy Bodega is king. Need college tuition for your daughter? Start-up funds for your fruit stand? Bodega can help. He gives everyone a leg up, in exchange only for loyalty--and a steady income from the drugs he pushes. Lyric, inspired, and darkly funny, this powerful debut novel brilliantly evokes the trial of Chino, a smart, promising young man to whom Bodega turns for a favor. Chino is drawn to Bodega's street-smart idealism, but soon finds himself over his head, navigating an underworld of switchblade tempers, turncoat morality, and murder.",['Ernesto Quiñonez'],2000,['Fiction'],2.0
Trading Card Techniques & Atc,Create trading cards for a quick and creative project that challenges your creativity.,"['Lisa Vollrath', 'Michele Charles', 'Tim Holtz']",2005-01-01,['Crafts & Hobbies'],
Brat Farrar,"What begins as a ploy to claim an inheritance ends with the impostor’s life hanging in the balance. In this tale of mystery and suspense, a stranger enters the inner sanctum of the Ashby family posing as Patrick Ashby, the heir to the family's sizable fortune. The stranger, Brat Farrar, has been carefully coached on Patrick's mannerism's, appearance, and every significant detail of Patrick's early life, up to his thirteenth year when he disappeared and was thought to have drowned himself. It seems as if Brat is going to pull off this most incredible deception until old secrets emerge that jeopardize the imposter's plan and his life. Culminating in a final terrible moment when all is revealed, Brat Farrar is a precarious adventure that grips the reader early and firmly and then holds on until the explosive conclusion.",['Josephine Tey'],2012-12-25,['Fiction'],47.0
Psycho-pictography;: The new way to use the miracle power of your mind,,,1965,['Imagery (Psychology)'],
"Our Own Snug Fireside: Images of the New England Home, 1760-1860","This charming book portrays domestic life in New England during the century between the American Revolution and the Civil War. Drawing on diaries, letters, wills, newspapers, and other sources, Jane C. Nylander provides intimate details about preparing dinner, spinning and weaving textiles, washing and ironing laundry, planning a social outing, and exchanging food and services. Probing behind the many myths that have grown up about this era, Nylander reveals the complex reality of everyday life in old New England.",['Jane C. Nylander'],2013-05-15,['Architecture'],1.0
Barbie Unbound: A Parody of the Barbie Obsession,"Satirically explores Barbie dolls in different guises and professions, including Grunge Barbie, PMS Barbie, Virginia Slims Barbie, Barbie Antoinette, and Anita Hill Barbie",['Sarah Strohmeyer'],1997,['Humor'],
Autism? Asperger's? ADHD? ADD?,"ADHD and Asperger Syndrome in Smart Kids and Adults offers detailed examples of individuals who have above-average cognitive intelligence, but struggle with executive function impairments of ADHD and significant social-emotional impairments of Asperger syndrome. The book centers around twelve case studies of bright children, teens, and adults treated for both ADHD and Asperger syndrome. Each chapter describes diverse examples of their strengths and their difficulties and explains how these individuals can be helped with appropriate treatment to overcome their ADHD impairments and to improve their ability to understand and interact more effectively with others. Case examples are followed by updated, science-based descriptions of these disorders. Providing science-based information about ADHD and Asperger syndrome in clearly understandable, accessible language, this text is ideal for clinicians, educators, social workers, medical and mental health service providers, and parents of those struggling with such impairments. It also advocates for restoring the diagnosis of Asperger Syndrome to diagnostic manuals of the American Psychiatric Association and World Health Organization.",['Thomas E. Brown'],2021-08-19,['Psychology'],
The house guests: Illustrated with photographs,"A spare, patterned text and glowing pictures explore the origins of light that make a house a home in this bedtime book for young children. Naming nighttime things that are both comforting and intriguing to preschoolers—a key, a bed, the moon—this timeless book illuminates a reassuring order to the universe.",['Susan Marie Swanson'],2008-05-05,['Juvenile Fiction'],70.0
The Resurrectionist (Old Philadelphia Mystery Series),"Police detective Wilton McCleary uncovers a deadly and dangerous conspiracy in post-Civil War Philadelphia when he investigates the mysterious disappearance of nine women of color, crimes that threaten to ignite a race riot. Original.",['Mark Graham'],1998-12-31,['Fiction'],
Lass: Tag-Based on the best-seller Lessons from a Sheepdog by W. Phillip Keller,"Follows the story of Lass, who is transformed from a believed-worthless and untrainable animal into a valuable sheepdog by a man's love, explaining how Lass's story reflects the transforming love of God.",['Phillip Keller'],2002,['Religion'],87.0
Star Wars Agents Of Chaos 1 Hero's Trial,"As attacks by an alien force threaten to devastate the New Republic, Han Solo seeks solace from his grief over the death of Chewbacca and embarks on a quest to avenge his partner's death.",['James Luceno'],2000,['Fiction'],
"The intellectual life: Its spirit, conditions, methods","First published in 1920, The Intellectual Life has been repeatedly reprinted and continues to inspire and instruct young scholars.",['A. G. Sertillanges'],1998,['Philosophy'],3.0
Novell's NetWare 5 Administrator's Handbook,,['Kelley J. P. Lindberg'],1999,['Local area networks (Computer networks)'],
The General,"The book John Kelly reads every time he gets a promotion to remind him of ‘the perils of hubris, the pitfalls of patriotism and duty unaccompanied by critical thinking’ The most vivid, moving – and devastating – word-portrait of a World War One British commander ever written, here re-introduced by Max Hastings.",['C. S. Forester'],2017-09-14,['Fiction'],2.0
The Spirit of America,,['Deseret Book Company'],1998,['Fourth of July orations'],
"Abortion and the Early Church: Christian, Jewish and Pagan Attitudes in the Greco-Roman World","What is abortion? A convenience to society? A legal offense? Murder? The twentieth century is not the first to face these questions. Abortion was a common practice two thousand years ago. The young Christian church, growing up in influential centers of Greco-Roman culture, could not ignore the practice. How would church leaders define abortion? Gorman examines Christian documents in their Greco-Roman context, concluding that Christians held a consistent position throughout the church's first four hundred years.",['Michael J. Gorman'],1998-10-26,['Religion'],1.0
"The Confessions of St. Augustine, ([The black and gold library])",,['Saint Augustine (Bishop of Hippo.)'],1943,['Christian saints'],
"Wilderness of Mirrors: Intrigue, Deception, and the Secrets that Destroyed Two of the Cold War's Most Important Agents","“A remarkably detailed account of the internal disputes about the defectors and double agents that tied the CIA in knots during the 1960s.” —The Wall Street Journal At the dawn of the Cold War, the world’s most important intelligence agencies—the Soviet KGB, the American CIA, and the British MI6—appeared to have clear-cut roles and a sense of rising importance in their respective countries. But when Kim Philby, head of MI6’s Russian division and arguably the twenty-first century’s greatest spy, was revealed to be a Russian mole along with British government heavyweights Donald Maclean and Guy Burgess, everything in the Western intelligence world turned upside down. Here is the true story of how the American James Bond—the colorful, foulmouthed, pistol-packing, alcoholic ex-FBI agent William “King” Harvey—put the finger on Philby; how James Jesus Angleton, the chain-smoking poet of Yale University and the CIA’s supposed “master spy” in charge of counterintelligence, began his descent into a paranoid wilderness of mirrors upon learning of family friend Kim Philby’s ultimate betrayal; and the devastating consequences of the loss of MI6 prestige and the CIA’s subsequent self-defeating witch hunts. Every revelation, every stranger-than-fiction twist and turn is all the more intriguing as truths become lies and unlikely scenarios are revealed as reality. With impeccable sourcing and the use of thousands of pages of declassified research, David C. Martin’s Wilderness of Mirrors is widely recognized as a masterpiece of intelligence literature. “Enthralling . . . provocative, vividly controversial. Deserves to be widely read.” —The Washington Post",['David C. Martin'],2018-09-15,['Political Science'],
The Wonderful World of Alpacas,"Picturesque, great for ranch handout. Will delight both old and young. Illustrated by B.J. Lewis.",['M. Brandon James'],1997-12-01,['Alpaca'],
"The Long Prison Journey of Leslie van Houten: Life Beyond the Cult (Northeastern Series on Gender, Crime, and Law)","A criminology professor goes behind bars to chronicle the extraordinary story of Leslie Van Houten, one of the infamous ""Manson girls,"" describing her early life, her involvement with Charles Manson and his group's 1969 murder rampage, her life in prison, and her struggle to rediscover her own identity.",['Karlene Faith'],2001,['Social Science'],
"Heart of the Problem: When You're Tired of 'Just Coping' with Your Struggles and Want to Find a Cure, You're Ready to Face the...","Gives encouragement to everyone who has ever faced a situation that felt insurmountable. By seeking God's answer, even the most complex problems can be solved once and for all.","['Henry R. Brandt', 'Kerry L. Skinner', 'Henry T. Blackaby']",1996-12-01,['Religion'],1.0
"Mountolive,: A novel","The intrigues of Justine and Balthazar multiply and deepen in the third volume of the Alexandria Quartet, giving us a novel of labyrinthine intricacy and mesmerizing beauty. In the first two novels of this profoundly innovative masterpiece, Lawrence Durrell explored two sides of a romantic quadrangle involving several inhabitants of prewar Alexandria. Now that geometry is seen from a startling new angle—through the clinical eye of a British diplomat, for whom love is only another form of statecraft. Like its predecessors, Mountolive is a novel of vertiginous disclosures, in which the betrayer and the betrayed share secret alliances and an adulterous marriage turns out to be a vehicle for the explosive passions of the modern Middle East. “Durrell is almost without peer in conveying atmosphere and mood. Even if his Alexandria never existed on this earth, it is now as real as Hawthorne’s Rome, Proust’s Paris, Loti’s Constantinople. . . . Mountolive is dazzlingly cohesive, beautifully controlled from beginning to end.”—Saturday Review “A work of splendid craft and troubling veracity.”—The New York Times “Mountolive has vivid imagery and scenes of ghastly hilarity. . . . Readers will be sharply aware that they are encountering an acute intelligence pursuing a grand design.”—TIME",['Lawrence Durrell'],1991-07-12,['Fiction'],12.0
Kiss From a Rogue,"The final, breathtaking novel in Elisa Braden’s Rescued from Ruin series is the story readers have been clamoring for: Fragile yet unbroken, Hannah Gray is embarking on a husband hunt … if only Lady Wallingham hadn’t invited a wolf to the party. All she wants is an ordinary life A cruel past left Hannah Gray with one simple longing—normalcy. Normal ladies ride and waltz without fear. They have safe, normal husbands to give them safe, normal kisses. After years of healing, she’s ready to find “normal” for herself, and Lady Wallingham’s house party is the perfect place to begin. Perfect, that is, except for the cynical wolf-in-rogue’s-clothing whose every hungry glance threatens to crack her armor and pierce her fragile heart. All he wants is to forget her Bow Street runner Jonas Hawthorn vowed never to see the cold, haughty Miss Gray again. A year ago, he nearly died trying to protect her, only to be dismissed like a lowly servant. But soon, he’ll have land and servants of his own. He just has to locate an old dowager’s stolen goods, collect his prize, and avoid the beauty who haunts him like a moonlit sky. All it takes is a single kiss He never meant to touch her. She never meant to reveal the truth. But once he’s tasted the heat and longing hidden beneath her icy mask, the only mystery this Bow Street man burns to solve is how a roguish wolf might win the elusive Miss Gray for himself.",['Elisa Braden'],2019-08-02,['Fiction'],
D. H. Lawrence and Italy: 2,"Essentially DH Lawrence's personal guide to Italy on foot, 'Twilight In Italy' is a collection of short travel essays. A meditative, poetic exploration of both Italian culture and Lawrence's own mind, this is unmissable for those who enjoyed E M Forster's 'A Room With A View' DH Lawrence (1885-1930) was an English poet and novelist. Famed for his lyrical prose, he was uncompromising in his mission to uncover the consequences of modernity and industrialization, particularly on sexuality, instinct, and spontaneity. His works, although innovative, were not truly appreciated until after his death, the most notable of which 'Lady Chatterley's Lover' was adapted to screen in 1981.",['D.H. Lawrence'],2021-11-02,['Literary Collections'],2.0
SHAKESPEARE'S IMAGERY AND WHAT IT TELLS US,"2014 Reprint of 1958 Edition. Full facsimile of the original edition, not reproduced with Optical Recognition Software. Caroline Spurgeon is known as the first female university professor in London, the second in England. In 1935, Spurgeon wrote this pioneer study on the use of images in William Shakespeare's opus. In it she analyses the different types of images and motifs that he uses in his plays. She also shows that there is a ""cluster,"" or there are several ""clusters,"" of images in each of the major plays, for instance, illness and injury images in ""Hamlet,"" and light and darkness images in ""Romeo and Juliet."" Remains a classic study to this day.",['Caroline Spurgeon'],2014-03,['Literary Criticism'],1.0
Wilderness Spirituality: Finding Your Way in an Unsettled World,"This is a book about wilderness spirituality. It is not a manual about how to worship in the woods or find salvation through nature. It is a book about a certain kind of belief and faith that can transform the wilderness of life from arenas of confusion and fear into places of emancipation and hope. It is a book for all of us, because we all share a piece of the same wilderness. - RRR Idaho Sawtooth Mountains Rod was the greatest of the great gifts given to me, and we had an extraordinary life together. I will forever love him for the beauty of his spirit and open-hearted faith that he shared with such loving-kindness - always. I will always treasure the calmness of Rod’s last days with me by his side, with no intrusion or extreme measures - dressed by me, his very dearest, in his comfy jammies and a very simple burial. Rod cherished the final wilderness, his own death, and approached it with sublime gratitude and absolute peace. In death I have grown to know Rod in new ways, through the union of our spirits that is everlasting. Beverly Romney",['Rodney Romney'],2015-10-14,['Religion'],
Knot Gardens and Parterres,Knot Gardens and Parterres is a fully illustrated guide to the history of these decorative features and shows how they relate to other contemporary arts and crafts. It also explains how to design and plant a knot garden.,"['Robin Whalley', 'Anne Jennings']",1998,['Gardening'],
Familiar Spirits: A Memoir of James Merrill and David Jackson,"The award-winning novelist shares her insights into the life of a major American poet as she explores the relationship between James Merrill and his long-time partner, David Jackson, and its influence on Merrill's acclaimed work. 12,000 first printing.","['Alison Lurie', 'Frederic J Whiton Professor of American Literature Alison Lurie']",2001,['Biography & Autobiography'],1.0
Kids Take the Stage: Helping Young People Discover the Creative Outlet of Theater,"• Foreword by Paul Newman • Completely revised and updated version of a beloved theater classic • Replaces Kids Take the Stage, ISBN 0-8230-7742-X • Clear, practical guide to helping kids ages 8 to 18 get a show up and running The classic Kids Take the Stage is one of the best-selling Back Stage Books of all time. Now Back Stage is proud to present the completely revised and updated second edition of this indispensable guide to getting young people on stage and helping them create their own shows. For teachers, for parents, for budding actors, emerging crew, and incipient directors—this is the book that shows how to get a production up and running...and have fun in the process. Clear and accessible, Kids Take the Stage outlines a systematic approach to staging, complete with basic lessons in acting, relaxation and trust-building exercises, and improvisations. From first read-through to opening night, from butterflies to bravos, this is the perfect book to help young people realize their creative potential. www.sherrihaab.com . Nina Edwards is a graphic designer and illustrator. She lives in New York City.","['Lenka Peterson', ""Dan O'Conner""]",2010-06-09,['Performing Arts'],1.0
"Goodbye, Geraldine","A nine-year-old boy's story of growing up in Duluth whose mother died when he was three years old. The story of one family and every family, of a woman whose strength sustains her grandchildren through alcoholism, desertion, and death; and of a young man who fights his way to a new life of hope, peace, and love--P. [4] of cover.",['Robert J. Morgan'],2001,['Religion'],
"A People That Shall Dwell Alone: Judaism as a Group Evolutionary Strategy (Human Evolution, Behavior, and Intelligence)",,,,,
"Objection!: How High-Priced Defense Attorneys, Celebrity Defendants, and a 24/7 Media Have Hijacked Our Criminal","Court TV host Nancy Grace presents her case in this behind-the-scenes look at the high-profile cases everyone is talking about ancy Grace is a name millions of Americans recognize from her regular appearances on Court TV and Larry King Live. Legions of loyal fans tune in for her opinions on today's high-profile cases and her expert commentary on the challenges facing the American judicial system. Now, in Objection!, she makes her case for what's wrong with the legal system and what can be done about it.","['Nancy Grace', 'Diane Clehane']",2005-06-08,['Law'],1.0
Tracks,The author recounts her almost two-thousand mile journey across Australia with nothing but a dog and some camels for company.,['Robyn Davidson'],2014-08-26,['Biography & Autobiography'],17.0
"Candlelight Spells: The Modern Witch's Book of Spellcasting, Feasting, and Healing","CANDLELIGHT SPELLS The Modern Witch’s Book of Spellcasting, Feasting and Natural Healing An essential resource for the Wiccan lifestyle, CANDLELIGHT SPELLS provides recipes, spells, and guides for herbs and candle crafting, as well as a “Lexicon of Witchcraft.” The modern witch will find recipes for the traditional Sabbat feasts of the witch’s year, including Fertility Bread, Sabbat Cakes, and Samhain Cider. For new moon gatherings, there are recipes for Madrake Wine, Nettle Ale, Acorn Cookies, and more. Practitioners of the Old Religion will also find detailed spells, counterspells, ceremonies, and rituals for maintaining every aspect of your Wiccan integrity. This is an indispensable guide for those truly interested nurturing the Craft of the Wise.",['Gerina Dunwich'],2018-11-27,"['Body, Mind & Spirit']",
Leaders Are Made!: A Building Block Approach to Effective Leadership,,['John Bucciarelli'],1997,['Business & Economics'],
This Little Chick,A little chick shows that he can make the sounds of the animals in his neighborhood.,['John Lawrence'],2002,['Juvenile Nonfiction'],4.0
When God Interrupts: Finding New Life Through Unwanted Change,"Our lives are constantly changing. It's hard to keep up, to keep our balance. It's hard to keep trusting in God. And it's especially difficult when the changes we're faced with are unwanted: the death of a loved one, a child leaving home, an illness, a frustrated dream. Craig Barnes knows the dark side of change. As a pastor, he has counseled many Christians through tough times of transition. And he has been challenged by unwanted changes--interruptions--in his own life. At times it seems as though God has moved far, far away. But Barnes has discovered that just the opposite is true: during times of change and seeming abandonment, God is right at our side offering to lead us in a new direction, offering us new life. He writes, ""A young widow can outlive her grief and decide her life may never be the same but is far from over. A lost job can become the beginning of a new vocation."" Here is the book for all who have known disappointment, bereavement or the shattering of faith, a book all the more valuable because it promises hope without denying despair. In When God Interrupts a sensitive, insightful pastor shows us how we can be found by God in the middle of unwanted change.",['M. Craig Barnes'],2009-09-20,['Religion'],4.0
"Tilting the Balance (Worldwar Series, Volume 2)","NO ONE COULD STOP THEM-- NOT STALIN, NOT TOGO, NOT CHURCHILL, NOT ROOSEVELT . . . The invaders had cut the United States virtually in half at the Mississippi, vaporized Washington, D.C., devastated much of Europe, and held large parts of the Soviet Union under their thumb. But humanity would not give up so easily. The new world allies were ruthless at finding their foe's weaknesses and exploiting them. Whether delivering supplies in tiny biplanes to partisans across the vast steppes of Russia, working furiously to understand the enemy's captured radar in England, or battling house to house on the streets of Chicago, humankind would never give up. Yet no one could say when the hellish inferno of death would stop being a war of conquest and turn into a war of survival--the very survival of the planet . . . ""From the Paperback edition.",['Harry Turtledove'],1997-10-01,['Fiction'],16.0
Epitaph for a Spy,"When Josef Vadassy arrives at the Hotel de la Reserve at the end of his Riviera holiday, he is simply looking forward to a few more days of relaxation before returning to Paris. But in St. Gatien, on the eve of World War II, everyone is suspect–the American brother and sister, the expatriate Brits, and the German gentleman traveling under at least one assumed name. When the film he drops off at the chemist reveals photographs he has not taken, Vadassy finds himself the object of intense suspicion. The result is anything but the rest he had been hoping for.",['Eric Ambler'],2008-12-10,['Fiction'],3.0
My Dream Of You,"From one of Ireland's most talented journalists, an extraordinary fiction debut, compelling, colourful and romantic. Kathleen is a 49-year-old travel writer, an Irishwoman based in London who has not been back to Ireland since she was twenty. Her home is her office, her family and friends a few close colleagues. She has not experienced passion since she was young. When, over the course of a few weeks, the props of her life fall away one after another, it is to passion that she turns - not in her own life, but in the fragmentary account of a scandalous affair in 19th century rural Ireland, between the wife of a big Anglo-Irish landlord, and her servant. And so Kathleen is drawn back to Ireland, to see whether she can find out more...","[""Nuala O'Faolain""]",2001,"['Women authors, Irish']",6.0
Wisdom's Children: A Christian Esoteric Tradition (SUNY Series in Western Esoteric Traditions),"Provides an in-depth introduction to the Christian theosophic tradition that began with Jacob Bo¬hme, bringing us into a startling new world of Christian experiential spirituality that is the Christian equivalent of Sufism and Kabbalism.",['Arthur Versluis'],,['Religion'],1.0
Men of the Bible,"All the Men of the Bible is a portrait gallery and reference library of over 3,000 named biblical characters. A monumental achievement, this book puts comprehensive information on men of the Bible at your fingertips, including a list of major characters. Besides named individuals, it also classifies the thousands upon thousands of unnamed men. And it explores the attributes of the greatest man of all: Jesus, God’s biblical model for manhood. Herbert W. Lockyer’s ""All"" books give you life-enriching insights into the Bible. From characters you can learn from, to teachings you can apply, to promises you can stand on and prophecies you can count on, Lockyer’s time-honored works help you wrap your mind around the Bible and get it into your heart. Lockyer’s books include All the Apostles of the Bible, All the Divine Names and Titles in the Bible, All the Doctrines of the Bible, All the Men of the Bible, All the Women of the Bible, All the Messianic Prophecies of the Bible, All the Miracles of the Bible, All the Parables of the Bible, All the Prayers of the Bible, and All the Promises of the Bible.",['Herbert Lockyer'],2016-11-22,['Religion'],8.0
First Crossing: Stories About Teen Immigrants,"Stories of recent Mexican, Venezuelan, Kazakh, Chinese, Romanian, Palestinian, Swedish, Korean, Haitian, and Cambodian immigrants reveal what it is like to face prejudice, language barriers, and homesickness along with common teenage feelings and needs.",['Donald R. Gallo'],2007,['Juvenile Fiction'],2.0
2D Artwork and 3D Modeling for Game Artists (The Premier Press Game Development Software),Provides detailed facts and current statistics for over 750 occupations in more than 90 key career fields. Contains more than 500 photographs.,,2011,['Occupations'],
Nice Girls Don't Get...: The Corner Office/Rich,"Before you were told to ""Lean In,"" Dr. Lois Frankel told you how to get that corner office. The New York Times bestseller, is now completely revised and updated. In this edition, internationally recognized executive coach Lois P. Frankel reveals a distinctive set of behaviors--over 130 in all--that women learn in girlhood that ultimately sabotage them as adults. She teaches you how to eliminate these unconscious mistakes that could be holding you back and offers invaluable coaching tips that can easily be incorporated into your social and business skills. Stop making ""nice girl"" errors that can become career pitfalls, such as: Mistake #13: Avoiding office politics. If you don't play the game, you can't possibly win. Mistake #21: Multi-tasking. Just because you can do something, doesn't mean you should do it. Mistake #54: Failure to negotiate. Don't equate negotiation with confrontation. Mistake #70: Inappropriate use of social media. Once it's out there, it's hard to put the toothpaste back in the tube. Mistake #82: Asking permission. Children, not adults, ask for approval. Be direct, be confident.",['Lois P. Frankel'],2014-02-18,['Business & Economics'],7.0
The King's Coat: The Naval Adventures of Alan Lewrie (Thorndike Core),,,2008-02,['Characters and characteristics in literature'],
Telling the Truth about History,"""A fascinating historiographical essay. . . . An unusually lucid and inclusive explication of what it ultimately at stake in the culture wars over the nature, goals, and efficacy of history as a discipline.""—Booklist","['Joyce Appleby', 'Lynn Hunt', 'Margaret Jacob']",2011-02-14,['History'],3.0
"The Wind-Witch (The Warhorse of Esdragon, Book Two)","Book Two of ""The Warhorse of Esdragon"" Faithful wife to a small landholder, Druyan had lived her life in other people's shadows. And if she could sometimes hold the clouds at bay or whistle up a wind, Druyan made sure to keep that talent to herself. Then war came, and Druyan found herself a widow, with no one to help during the harvest but Kellis, the wounded prisoner her husband had locked in the root cellar the day he marched away. But when Druyan freed Kellis from the cellar, she unlocked a Pandora's box, for Kellis had secrets and magic of his own . . .",['Susan Dexter'],1994,['Fiction'],
The Hitchhiker's Guide to Lean: Lessons from the Road,"Hitchhikers do not travel a fixed path. They intentionally wander so they can learn and grow along the way. Embarking on the lean journey is similar; there are many roads on which to wander and no single one is right for all. This title concludes with interviews of lean practitioners on the front lines of change at Chrysler, DTE Energy, and Nemak.","['Jamie Flinchbaugh', 'Andy Carlino']",2006,['Business & Economics'],1.0
Stuka pilot,"""Foreword by Group Captain Douglas Bader, R.A.F. DSO DFC.""--Cover.",['Hans Ulrich Rudel'],2011-09-22,['Biography & Autobiography'],
Vendetta: Lucky's Revenge,"Dangerously sensual, breathtakingly beautiful, and utterly unforgettable, she is Lucky Santangelo, the sizzling star of Chances, Lucky, and Lady Boss. With Vendetta: Lucky's Revenge, Jackie Collins continues the saga of Lucky Santangelo in a nonstop, action-packed tale of sex, betrayal, drugs, intrigue, and murder. A scorching new installment of the wildly popular Lucky series, Vendetta finds Lucky in the most perilous situation of her life when her prized Panther Studios is taken from her by Donna Landsman, the unscrupulous widow of Lucky's arch-enemy, Santino Bonnatti. Donna intends to destroy Lucky in every way she can, but Lucky is street-smart, powerful, and just as ruthlessly dangerous. And so the battle for control begins. With Vendetta: Lucky's Revenge, Jackie Collins proves once again why she is an international powerhouse, a writer who digs deep into the glamorous, intoxicating - yet ultimately treacherous - world of Hollywood.",['Jackie Collins'],2012-06-01,['Businesswomen'],2.0
Eyes of the Tailless Animals: Prison Memoirs of a North Korean Woman,,['Sun-ok Yi'],1999,['Biography & Autobiography'],
When We Meet Again (Children of the Promise),,['Dean Hughes'],2006-06,"['Christian fiction, American']",
Hayford's Bible Handbook The Complete Companion For Spirit-filled Bible Study,The Hayford Bible Handbook continues to offer charismatic and Pentecostal Christians a major reference tool that provides easy access to a wealth of biblical and practical information,['Jack W. Hayford'],2021-10-05,,
"The house of the seven gables,: A romance,",,['Nathaniel Hawthorne'],1851,,
"Lonely Planet Britain (Britain, 4th ed)","Timeless villages, kitsch seaside towns, historic cities, alluring landscapes and a vibrant cultural and social scene England, Scotland and Wales make up an island of contrasts. Discover it all with this essential guide. 147 maps, including full-colour London map section ; places to stay from barns and B&Bs to fine inns and Georgian mansions ; where to find modern British cuisine, cosy old pubs and the hippest clubs ; portraits of museums and galleries including London's Tate Modern and Glasgow's Burrell Collection ; the best of British culture from Hadrian's Wall to the Millennium Wheel.",['Ryan Ver Berkmoes'],2001,['Great Britain'],
Dion Fortune's the Esoteric Philosophy of Love and Marriage,"Through a simple explanation of the factors governing interaction between masculine and feminine, Fortune reveals the psychology of love and relationships.",['Dion Fortune'],2000-02-01,['Psychology'],3.0
So Big,"Selina Peake moves from Chicago to a rural Dutch farming area just outside the city to teach in a one room school. As she attempts to fit into the community, she learns about her own strength in adapting to rural life. She marries an uneducated but sweet Dutch farmer named Pervus DeJong and has a son, Dirk, nicknamed “So Big.” She wishes her son to have the same appreciation for the arts and education she has, and although he becomes an architect, his disillusionment with the architectural apprentice system leads him to a career as a successful bond salesman. He later regrets eschewing his architecture career when he meets a beautiful and eccentric artist. Ferber was not confident in the book’s prospects when it was first published. Nevertheless, it became very popular, won her the Pulitzer Prize for Fiction in 1925, and was later made into three different motion pictures. This book is part of the Standard Ebooks project, which produces free public domain ebooks.",['Edna Ferber'],2022-01-05T05:05:41Z,['Fiction'],
Christianity Through the Centuries: A History of the Christian Church,"The third edition of Christianity Through the Centuries brings the reader up-to-date by discussing events and developments in the church into the 1990s. This edition has been redesigned with new typography and greatly improved graphics to increase clarity, accessibility, and usefulness. - New chapters examine recent trends and developments (expanding the last section from 2 chapters to 5) - New photos. Over 100 photos in all -- more than twice the number in the previous edition - Single-column format for greater readability and a contemporary look - Improved maps (21) and charts (39) Building on the features that have made Christianity Through the Centuries an indispensable text, the author not only explains the development of doctrines, movements, and institutions, but also gives attention to ""the impact of Christianity on its times and to the mark of the times on Christianity.""",['Earle E. Cairns'],2009-09-13,['Religion'],10.0
Cafe Flora Cookbook,"The acclaimed chef of the popular Seattle eatery presents more that 250 tasty and original vegetarian and vegan recipes for appetizers, main courses, side dishes, salads, condiments, and more, along with detailed preparation instructions and tips, serving and presentation suggestions, possible substitutions, and other culinary advice.",['Catherine Geier'],2005,['Cooking'],
Plumber's Licensing Study Guide,"Ace the Journeyman and Master Plumbing Exams! Featuring more than 400 practice questions and answers, Plumber's Licensing Study Guide, Third Edition, provides everything you need to prepare for and pass the Journeyman and Master Plumber's licensing exams on the first try. This practical, up-to-date resource is filled with study tips, detailed illustrations, calculations, conversion tables, and troubleshooting points. Both metric and U.S. units are included throughout. Fully revised for the 2012 International Plumbing Code and 2012 Uniform Plumbing Code, this careerbuilding guide helps you: Master the material most likely to appear on plumber's licensing exams Improve your test-taking ability with 400+ multiple-choice questions and answers Acquire the confidence, skills, and knowledge needed to pass your exam Covers essential plumbing topics, including: Definitions Administrative policies Miscellaneous regulations Water supply Water heaters Sanitary drainage Fixtures Indirect waste Vents Storm water drainage Traps, cleanouts, and special waste Interceptors and separators Medical and nonmedical gas systems Alternative engineered and special systems Gray-water recycling systems Natural gas","['Michael Frankel', 'R. Woodson']",2012-09-25,['Study Aids'],1.0
The Wordsworth Dictionary of the American West (Wordsworth Collection),,['Winfred Blevins'],1995,['Americanisms'],1.0
The Canterville Ghost and Other Stories,The Canterville Ghost and Other Stories Table Of Contents LORD ARTHUR SAVILE'S CRIME THE CANTERVILLE GHOST THE SPHINX WITHOUT A SECRET THE MODEL MILLIONAIRE THE PORTRAIT OF MR. W. H.,['Oscar Wilde'],2013-05-22,['Fiction'],3.0
The Art of Pixar: 100 Collectible Postcards,"From Ratatouille through Brave, The Art of Pixar: Volume II features gorgeous and illuminating concept art and iconic final frames from the 6 Pixar feature films and 18 short films released from 2007 on.",['Pixar'],2012-09-19,['Art'],
"Zora Neale Hurston : Novels and Stories : Jonah's Gourd Vine / Their Eyes Were Watching God / Moses, Man of the Mountain / Seraph on the Suwanee / Selected Stories (Library of America)","The first volume of a noted African-American writer's collection includes Their Eyes Were Watching God, Jonah's Gourd Vine, Moses, Man of the Mountain, and Seraph on the Suwanee.",['Zora Neale Hurston'],1995-02,['Fiction'],1.0
Janacek: A Composer's Life,"The Czech composer's life and art is highlighted with fascinating details of his use of vernacular speech patterns to compose and his reserved, lonely life. (Biography)","['Mirka Zemanova', 'Mirka Zemanová']",2002,['Biography & Autobiography'],
"Flower Power: Flower Remedies for Healing Body and Soul Through Herbalism, Homeopathy, Aromatherapy, and Flower Essences (Henry Holt Reference Book)","A guide to using flowers for treating and healing such body ailments as sunburn, migraines, heartburn, nausea, kidney infection, cramps, and high blood pressure",['Anne McIntyre'],1996,['Medical'],
The Masters: A Novel,,,,['Photography of the nude'],
The Book and the Brotherhood,"A story about love and friendship and Marxism Many years ago Gerard Hernshaw and his friends “commissioned” one of their number to write a political book. Time passes and opinions change. “Why should we go on supporting a book which we detest?” Rose Curtland asks. “The brotherhood of Western intellectuals versus the book of history,” Jenkin Riderhood suggests. The theft of a wife further embroils the situation. Moral indignation must be separated from political disagreement. Tamar Hernshaw has a different trouble and a terrible secret. Can one die of shame? In another quarter a suicide pact seems the solution. Duncan Cambus thinks that since it is a tragedy, someone must die. Someone dies. Rose, who has gone on loving without hope, at least deserves a reward.",['Iris Murdoch'],1989-01-01,['Fiction'],3.0
Blood and Money,"New York Times Bestseller: The “gripping” true story of a beautiful Texas socialite, her ambitious husband, and a string of mysterious deaths (Los Angeles Times). Joan Robinson Hill was a world-class equestrian, a glamorous member of Houston high society, and the wife of Dr. John Hill, a handsome and successful plastic surgeon. Her father, Ash Robinson, was a charismatic oil tycoon obsessed with making his daughter’s every dream come true. Rich, attractive, and reckless, Joan was one of the most celebrated women in a town infatuated with money, power, and fame. Then one morning in 1969, she fell mysteriously ill. The sordid events that followed comprise “what may be the most compelling and complex case in crime annals” (Ann Rule, bestselling author of The Stranger Beside Me). From the elegant mansions of River Oaks, one of America’s most exclusive neighborhoods, to a seedy underworld of prostitution and murder-for-hire, New York Times–bestselling author Thomas Thompson tracks down every bizarre motive and enigmatic clue to weave a fascinating tale of lust and vengeance. Full of colorful characters, shocking twists, and deadly secrets, Blood and Money is “an absolute spellbinder” and true crime masterpiece (Newsweek).",['Thomas Thompson'],2016-12-13,['True Crime'],4.0
Accuracy of Translation: The Primary Criterion in Evaluating Bible Versions With Special Reference to the New International Version,,,1996,,
Bard: The Odyssey of the Irish (Celtic World of Morgan Llywelyn),"This is the tale of the coming of the Irish to Ireland, and of the men and women who made that emerald isle their own.",['Morgan Llywelyn'],1987-03-15,['Fiction'],4.0
"Come, Tell Me How You Live","Over the course of her long, prolific career, Agatha Christie gave the world a wealth of ingenious whodunits and page-turning locked-room mysteries featuring Miss Marple, Hercule Poirot, and a host of other unforgettable characters. She also gave us Come, Tell Me How You Live, a charming, fascinating, and wonderfully witty nonfiction account of her days on an archaeological dig in Syria with her husband, renowned archeologist Max Mallowan. Something completely different from arguably the best-selling author of all time, Come, Tell Me How You Live is an evocative journey to the fascinating Middle East of the 1930s that is sure to delight Dame Agatha’s millions of fans, as well as aficionados of Elizabeth Peters’s Amelia Peabody mysteries and eager armchair travelers everywhere.",['Agatha Christie Mallowan'],2012-04-10,['Biography & Autobiography'],2.0
The Pilgrim's Progress; Cassette,,,2000,['Audiobooks'],
"Fodor's Around Rome with Kids, 1st Edition: 68 Great Things to Do Together (Around the City with Kids)",,['Rose Arny'],2002,['American literature'],
"The mis-education of the Negro,",Woodson's classic work of criticism explores how the education received by blacks has failed to give them an appreciation of themselves as a race and their contributions to history. Woodson puts forward a program that calls for the educated to learn about their past and serve the black community. (Education/Teaching),['Carter Godwin Woodson'],1933,['African Americans'],2.0
A View from the Roof: Lessons for Life & Business,"A university professor. A restaurateur. A Hollywood leading man. The Mackie Men of New Orleans have made success a family tradition. In A View from the Roof, Presidential Award-winning speaker Dr. Calvin Mackie reveals just how they did it. Through a slideshow of poignant stories involving the Mackie brothers' tough-as-nails roofer dad Willie, readers will learn the hands-on, humorous lessons that propelled Calvin and his brothers to the top of their professions. From the hot gable rooftops of New Orleans to the set of a Spike Lee film, this book will leave readers with a view they'll always remember.","['Calvin Mackie', 'Willie Mackie']",2005,['Self-Help'],1.0
The Absent Author (A to Z Mysteries),"Don’t miss A to Z Mysteries—alphabetic adventures that are full of thrills, chills, and cases to crack! A is for Author... In the first book of the A to Z Mysteries—an early chapter book mystery series featuring strong boy and girl characters—Dink writes to his favorite author, mystery writer Wallis Wallace, and invites him to visit Green lawn. Wonder of wonders, Wallace says yes! In fact, the famous writers says the the only way he won't come is if he's kidnapped. But when the big day comes, Wallis Wallace is nowhere to be found. The police think he just missed his plane, but Dink knows better. It's up to Dink and his two best friends, Josh and Ruth Rose, to find Wallace - before it's too late! Each book includes a map and a letter from the author. Parents, teachers, and librarians agree that these highly collectible chapter books are perfect for emerging readers and any kid who love mysteries!",['Ron Roy'],1997,['Juvenile Fiction'],16.0
Criminal Law: Principles and Cases,,['Thomas J. Gardner'],1985-01,['Criminal law'],
Doing Objects in Microsoft Visual Basic 5.0,"The main aim of this work is to provide a pragmatic approach to designing and building Visual Basic 5.0 applications. Emphasizing architecture design and approach, the book tries to enable users to implement an object-oriented design for any programming project.",['Deborah Kurata'],1997-01-01,['Computers'],
The Psychic Reality: Developing Your Natural Abilities,"Psychic ability is not a gift reserved only for a chosen few. It is a universal human inheritance, like sight, like hearing. Yet, it is also true that this psychic inheritance is a skill to be developed. Some are born with their psychic abilities near to hand and easily accessible. Others discover them only in emergencies, or by so-called ""accident."" And still others are taught if they can find a competent teacher. Robert cracknell is such a teacher. One of the most famous psychics in Britain, called ""Britain's Number-One Psychic Detective,"" he was tested at Oxford University and scored an astonishing 80% success rate in precognition. Yet, he maintains, the difference between his abilities and yours is not only a matter of inborn skill, but of development and practice. Using stories from his own extraordinary life, and exercises he developed specifically for this purpose, he teaches you to develop the psychic abilities you were born with even if you have never used them before.",['Robert Cracknell'],1999,['Religion'],
Getting America Right: The True Conservative Values Our Nation Needs Today,"Explores America's failure to uphold conservative values, reflecting on the benefits of limited government, fiscal responsibility, and free markets, and calling for a return to the principles of democracy and accountability.","['Edwin J. Feulner', 'Doug Wilson']",2006,['Political Science'],
Letters to Karen : on keeping love in marriage,The best-loved book with a fresh new look.,['Charlie W. Shedd'],2012,['Religion'],
Riding Dirty on I-95: A Novel (Nikki Turner Original),"BONUS: This edition contains an excerpt from Nikki Turner's Heartbreak of a Hustler's Wife. Queen of hip hop fiction Nikki Turner follows her gritty, emotionally charged novel The Glamorous Life with this new tale from the hood featuring a beautiful down-on-her-luck sister who can out-hustle the best of them as she rises from the ghetto to glory. After Mercy’s beloved dad is murdered in cold blood on her seventh birthday, her mother gives her up to foster care. But despite an unsavory upbringing, Mercy vows to make something of herself–at all costs. Working as a concierge at a hotel notorious for its shady clientele, Mercy meets and falls hard for a notorious dealer who keeps her living large in Gucci clothes and off-the-hook apartments. Then she lands a real lucrative deal: running drugs up Interstate 95 from Miami to New York. But Mercy doesn’t want to live the gangsta life forever. She’s got bigger dreams. She turns legit and makes her mark, yet despite a new, cleaned-up career, she can’t get the streets completely out of her blood. A sexy hustler named C-Note steals her heart. And as their relationship heats up, Mercy discovers that their pasts are hopelessly–and tragically–entwined.",['Nikki Turner'],2008-12-18,['Fiction'],7.0
Freddie the Frog and the Thump in the Night: 1st Adventure--Treble Clef Island (Freddie the Frog Books),Secular Songbooks Classroom Music,['Sharon Burch'],2010-09-01,['Music'],
1600 Perfect Score : The 7 Secrets of Acing the SAT,"Drawing on the first study of 1600 scorers conducted with the full cooperation of the College Board, here are the 7 secrets to success on the SAT -- and in life. Every year roughly 2.3 million high school students take the SAT; of those, however, only 650 students on average achieve a perfect score of 1600. Such a statistic raises obvious questions: Who are these kids? What are they like? And how do they do it? In a new landmark study, educator and executive recruiter Tom Fischgrund became the first researcher ever granted comprehensive access to these high academic achievers by the College Board, the body that administers the SAT. Weaving together in-depth interviews with perfect-score students, insights from their parents, and exclusive College Board data, in 1600 Perfect Score he reveals the 7 secrets that separate the cream from the crop. Among the Revelations Attending small private schools (or any school with classes) doesn't always make a big difference ... but having strong family support does Paying for expensive classes or tutors doesn'talways make a big difference ... but takinglots of practice tests at home does Having a strongly motivating teacher doesn't always make a big difference ... but having an independent passion for learning definitely does Packed with intriguing case studies and practical advice -- and tips from the 1600 scorers themselves -- this essential book brings hard data and a new, more human perspective to one of the greatest challenges parents everywhere face: how to make sure their children have the best chance to thrive in high school, college, and beyond.",['Tom Fischgrund'],2009-10-13,['Family & Relationships'],
Windows Server 2003 Weekend Crash Course,"Focus: Book consists of 30 sessions that teach the core concepts of Windows .NET Server to Windows Administrators over a weekend. Covers the new features of the Windows .NET Server, including headless servers, Remote Desktop Services (RDS), and performance management. Learn how to implement Windows .NET Server as the base OS for the Microsoft .NET Framework and.NET Enterprise Servers, including SQL Server 2000 and Exchange 2000 Server. Covers Windows .NET Server's improvements to networking, Active Directory, usability, reliability, scalability, disaster recovery, management, and Internet integration as well as Windows basics and architecture; installing the Windows .NET Server; and managing server security. Running example: A running example of a fictitious major international bank is used to demonstrate key concepts. Windows interface tutorial on CD: For readers with no prior Windows experience at all, a Windows interface tutorial will be included as an appendix on the CD that accompanies the book. WCC series features: Each session takes 30 minutes to complete. Four time-to-go icons gauge the reader's progress through any given session. ""Quiz Yourself"" questions (at the end of each session) and ""Part Review"" questions allow the reader to review what they have just learned. Skill assessment software on the CD-ROM helps readers gauge their skill level before and after reading this book. ABOUT THE CD-ROM The CD-ROM has skills assessment software based on the sessions in the book and an appendix on the Windows interface.",['Don Jones'],2003,['Computers'],
Marc Bessange (Euros) (No.12),,,,,
Bride of the Wind,"Forced to flee Texas, Hope Cox and her ne'er-do-well father join a cattle drive, and Hope finds herself torn between two men--dashing Army Captain Timothy O'Callahan and kindly, ambitious Jebel Mason",['Stephanie Blake'],1984,['Fiction'],
Random House Webster's Pocket Bad Speller's Dictionary: Second Edition (Pocket Reference Guides),,['Rose Arny'],1998,['American literature'],1.0
Apparitions: Mystic Phenomena and What They Mean,"A study of the sightings of religious figures in the past and present investigates phenomena such as levitation, aureoles, and stigmata in order to explain why they occur, how they are studied, and how they change our lives. 15,000 first printing.",['Kevin Orlin Johnson'],1996-12-15,['History'],
KJV Prophecy Marked Reference Study Bible,"Color-highlighted marked reference system Textual notes 30 in-depth articles 15 2-color, in-text charts 6 2-color in-text maps Detailed illustrations Concordance J16 color maps and map index Harmony of the Gospels General editor, Grant J.","['Prophecy Study', 'Prophecy Study Staff']",1999-02-01,['Religion'],
"MADAME BLAVATSKY'S BABOON: A History of the Mystics, Mediums, and Misfits Who Brought...",,['Peter Washington'],1995,['Occultism'],1.0
The Thirteen Books of Euclid's Elements.3 volumes.,,['Euclid'],1908,"['Mathematics, Greek']",3.0
Fundamentals of Financial Management,,['Eugene F. Brigham'],2013,['Corporations'],
Archaeology and Bible History,This reference tool shows how archaeological discoveries in Bible lands have helped to confirm the accuracy of Scripture and give understanding to it.,"['Joseph P. Free', 'Howard Frederic Vos']",1992,['Religion'],4.0
Wolf Boy: A Novel,"MONSTER MISCHIEF After some traumatic experiences, Komugi Kusunoki transferred from the city to start a new life in rural Hokkaido. But on her first day of school, the school heartthrob Yū Ōgami blurts out, ""You smell good!"" Despite the hijinks, Komugi tries to adjust to her new school, but it’s not long before she stumbles across Yū dozing off under a tree. When she attempts to wake him up, he transformed…into a wolf?! It turns out that Yū is one of many other eccentric boys in her class year–and she’s the only one who knows their secret…!",['Yoko Nogiri'],2016,['Comics & Graphic Novels'],2.0
Pictorial Archive of Lace Designs: 325 Historic Examples (Dover Pictorial Archive),"325 exquisite lace samples depict human and mythical figures, filigree designs of hearts and flowers, and other motifs. Royalty-free designs from elegant borders, edgings, collars, doilies, and more.",['Carol Belanger Grafton'],2013-06-10,['Design'],
Highpockets,"Cecil “Highpockets” McDade is known for his ego, his ambition, and his batting average—but a freak accident may help him discover what’s really important A rookie right fielder for the Brooklyn Dodgers, Cecil “Highpockets” McDade shows plenty of promise. But his high opinion of himself (and low opinion of the city) lands him in hot water when a sportswriter makes news out of the Dodger who hates Brooklyn, turning Highpockets into the most despised man on the team overnight. But Highpockets remains relentless in his pursuit of fame and fortune—until a car accident brings a boy named Dean Kennedy into his life. Dean doesn’t care about the Dodgers, or baseball, or anything other than his stamp collection. Consumed by guilt over his part in the collision that may cost Dean his leg, Highpockets must try to turn his own life around—before it’s too late.",['John R. Tunis'],2011-07-12,['Young Adult Fiction'],
Mist of Prophecies,"During the Roman Civil War, as the forces of Pompey and Julius Caesar fight a series of battles in the provinces over control of the Republic, Rome itself is a hotbed of intrigue as those left behind wait for word. In this tentative and treacherous environment, a beautiful young seeress is murdered in the marketplace. Possibly mad and claiming no memory of her own past, Cassandra - like her namesake - is reputed to have had the true gift of prophecy and, as a result, she became a confidante of the rich and powerful. Gordianus the Finder, who had become obsessed with the woman and her mystery, starts to investigate her murder. As the political situation in Rome continues to decay, the citizenry veers towards ruin, and everyone waits for word out in the far off fields of war, Gordianus begins to peel away the veils of secrecy that surround Cassandra's life and death. What lies underneath involves one, possibly many, of the most powerful women in Rome and the truth could not only put Gordianus's life in danger but affect the very future of Rome itself.",['Steven Saylor'],2010-04-01,['Fiction'],8.0
The Case of Charles Dexter Ward,"We are delighted to publish this classic book as part of our extensive Classic Library collection. Many of the books in our collection have been out of print for decades, and therefore have not been accessible to the general public. The aim of our publishing program is to facilitate rapid access to this vast reservoir of literature, and our view is that this is a significant literary work, which deserves to be brought back into print after many decades in its original form. The contents of the vast majority of titles in the Classic Library have been scanned from the original works. To ensure a high quality product, each title has been meticulously hand curated by our staff. Our philosophy has been guided by a desire to provide the reader with a book that is as close as possible to ownership of the original work. We hope that you will enjoy this wonderful classic work, and that for you it becomes an enriching experience.",['H P Lovecraft'],2020-03-08,,
The Man Who Made Husbands Jealous,"Lysander Hawkley combined breathtaking good looks with the kindest of hearts. He couldn't pass a stray dog, an ill-treated horse or a neglected wife without rushing to the rescue. And with neglected wives the rescue invariably led to ecstatic bonking, which didn't please their erring husbands one bit. Lysander's mid-life crisis had begun at twenty-two. Reeling from the death of his beautiful mother, he was out of work, drinking too much and desperately in debt. The solution came from Ferdie, his fat, fast-operating friend: if Lysander was so good at making husbands jealous, why shouldn't he get paid for it? Let loose among the neglected wives of the ritzy county of Rutshire, Lysander causes absolute havoc. But it is only when he meets Rannaldini, Rutshire's King Rat and a temperamental, fiendishly promiscuous international conductor, that the trouble really starts. The only unglamorous woman around Rannaldini is Kitty, his plump young wife who runs his life like clockwork. Soon Lysander is convinced that Kitty must be rescued from Rannaldini at all costs, even if it means enlisting the help of the old blue-eyed havoc maker: Rupert Campbell-Black.",['Jilly Cooper'],2010-12-23,['Fiction'],1.0
French: The Secrets of Classic Cooking Made Easy,"This is an authentic French cuisine clearly explained for every cook, with easy-to-follow instructions and step-by-step photographs for every recipe. It contains over 200 delicious dishes from every region of France, from Normandy to sun-drenched Provence. It features delicious, tempting recipes for every occasion: tasty soups and salads, sumptuous stews and sautes, fabulous fish and shellfish dishes, delectable desserts and gorgeous gateaux. Every dish is illustrated, with over 900 tempting colour photographs in total. It includes a handy glossary of techniques plus cook's tips for perfect results. This book provides a comprehensive collection of the very best of France. There are recipes for every occasion and for every level of expertise. Over 900 step-by-step photographs clearly illustrate the recipe methods, ensuring perfect results, whether you are attempting a hot souffle, cooking crepes for the first time, or brushing up on your pastry skills. The informative introduction gives a fascinating insight into the background of this most revered of cuisines, while stunning photographs of every finished dish are sure to inspire you to perfect familiar dishes and try out new ones. The cooking techniques are clearly explained throughout and there are useful cook's tips and a comprehensive glossary of unfamiliar terms, so even if you are a beginner in the kitchen, you can easily recreate the authentic flavours of France in your own home.","['Carole Clements', 'Elizabeth Wolf-Cohen']",2010-03-01,['Cooking'],
Down in the Garden,Full color photographs featuring babies and toddlers in various costumes and dress depicting garden scenes.,['Anne Geddes'],1997,['Animals in art'],
Bad Girls,"Gritty and unflinching, yet also tender, fantastical, and funny, a trans woman’s tale about finding a community on the margins. In Sarmiento Park, the green heart of Córdoba, a group of trans sex workers make their nightly rounds. When a cry comes from the dark, their leader, the 178-year-old Auntie Encarna, wades into the brambles to investigate and discovers a baby half dead from the cold. She quickly rallies the pack to save him, and they adopt the child into their fascinating surrogate family as they have so many other outcasts, including Camila. Sheltered in Auntie Encarna’s fabled pink house, they find a partial escape from the everyday threats of disease and violence, at the hands of clients, cops, and boyfriends. Telling their stories—of a mute young woman who transforms into a bird, of a Headless Man who fled his country’s wars—as well as her own journey from a toxic home in a small, poor town, Camila traces the life of this vibrant community throughout the 90s. Imbuing reality with the magic of a dark fairy tale, Bad Girls offers an intimate, nuanced portrait of trans coming-of-age that captures a universal sense of the strangeness of our bodies. It grips and entertains us while also challenging ideas about love, sexuality, gender, and identity.",['Camila Sosa Villada'],2022-05-10,['Fiction'],1.0
The Life and Epistles of St. Paul,,"['William John Conybeare', 'John Saul Howson']",1852,['Bible'],
Aircraft Performance & Design,"Textbook introducing the fundamentals of aircraft performance using industry standards and examples: bridging the gap between academia and industry Provides an extensive and detailed treatment of all segments of mission profile and overall aircraft performance Considers operating costs, safety, environmental and related systems issues Includes worked examples relating to current aircraft (Learjet 45, Tucano Turboprop Trainer, Advanced Jet Trainer and Airbus A320 types of aircraft) Suitable as a textbook for aircraft performance courses","['Ajoy Kumar Kundu', 'Mark A. Price', 'David Riordan']",2016-09-26,['Technology & Engineering'],
The Better Memory Kit,"""The Better Memory Kit encompasses an innovative, clinically proven medical program to prevent and reverse all types of memory loss, including Alzheimer's disease. It's based on over a decade of research and clinical experience by Dharma Singh Khalsa, M.D., the original voice of the prevention of memory loss. The focus of the kit is an integrative medical program featuring the four pillars of a better memory: a 20 percent ""right fat"" diet; stress relief via memory-enhancing meditations; special physical, mental, and mind/body exercises to boost memory; and pharmaceutical medicines, proven to delay the onset of Alzheimer's by six years.",['Dharma Singh Khalsa'],2004-10-30,['Self-Help'],
Little Bear Book and Tape (I Can Read Book 1),"Meet Little Bear, a friend to millions of children. And meet Mother Bear, who is there whenever Little Bear needs her. When it is cold and snowy outside, she finds just the right outfit for Little Bear to play in. When he goes to the moon, she has a hot lunch waiting for him on his return. At night she helps him get to sleep. And, of course, she never forgets his birthday.",['Else Holmelund Minarik'],1990-03-28,['Juvenile Fiction'],6.0
Rob Roy,,['Walter Scott'],1872,,
The Trolley Car Family,The story of the Parker family who live in a trolley car.,['Eleanor Clymer'],1947,['Dwellings'],1.0
Tapas: A Taste of Spain in America,"A classic Spanish cookbook from José Andrés, a humanitarian, James Beard Award winner, New York Times bestselling author, and one of TIME's 100 Most Influential People. Tapas are Spain's gift to the world of great cooking: a fresh and fun way to eat with friends and family—and easy to make at home. Using simple Mediterranean ingredients, a tapas feast is a perfect combination of little dishes packed with big flavors. Tapas by José Andrés is the first major book in a generation to celebrate this world-renowned way of eating, from a man who is the best possible authority: an award-winning Spanish chef in America, with seven highly acclaimed restaurants to his name. Named Bon Appétit's Chef of the Year, José is a star in American cooking, as well as the nation's leading expert on Spanish cuisine. Having worked as a chef in the United States for two decades, he's also a thoroughly American cook who draws on American ingredients for his inspiration, and is a master at translating his native Spanish cooking for this country's kitchens. His simple and delicious recipes include: • Fish such as American Red Snapper Baked in Salt; Monkfish with Romesco Sauce; and Basque-Style Stuffed Maryland Blue Crabs • Chicken including Catalan-Style Chicken Stew; Chicken Sautéed with Garlic; and Chicken with Lobster • Pork such as Chorizo Stewed in Hard Cider; Figs with Spanish Ham; and Roasted Pork Tenderloin with Apples • Rice dishes including Lobster Paella; Black Rice with Squid and Shrimp; and Traditional Rice with Clams All these recipes are full of tremendous flavor and creativity, as well as in-depth ingredient notes and a rich atmosphere that will transport you to the lush countryside, hip cafés, and sun-drenched coasts of Spain—and back again to dinner at home.","['José Andrés', 'Richard Wolffe']",2012-07-24,['Cooking'],2.0
Mangrove Squeeze,,['Laurence Shames'],1988,['Key West (Fla.)'],2.0
Crossing the Sauer: A Memoir of World War II,"A World War II veteran recounts his harrowing advance through Germany with Patton's Third Army, a harrowing and sometimes humorous tour of duty he shared with a host of colorful fellow soldiers.",['Charles Reis Felix'],2002,['History'],
"Awakening Athena: Resilience, Restoration, and Rejuvenation for Women","For much too long the traditional medical community has ignored, misdiagnosed, and mistreated millions of women suffering from symptoms of hormone imbalance. Now, a world-renowned expert explains a safer and more natural approach to treating hormone-related conditions like PMS, weight gain, mood swings, and hot flashes. The controversy continues to rage like hormones: The safety and efficacy of synthetic hormone replacement therapies (HRT) versus human-identical hormones. In this second edition of the widely successful guide From Hormone Hell to Hormone Well, world-renowned physician expert, C.W. Randolph, Jr., M.D., and Genie James team up to challenge the continual promotion by the pharmaceutical industry--and the physicians they have brainwashed--of dangerous synthetic hormones. In this hard-hitting book, Dr. Randolph and Ms. James expose the shocking truth that for decades, whenever most women have complained to their doctor about menopausal symptoms, the traditional approach treatment has put both their health and their lives at risk. As a board certified gynecologist who has treated women with hormone balances for over a decade, Dr. Randolph contends that there is--and has been--a safe and effective alternative to synthetic hormones: Bio-identical hormone replacement therapy (BHRT). Hormone Hell to Hormone Well shows readers how to: Eradicate a ""one-size-fits-all"" approach to HRT and empower women to discover and maintain her 'hormonal equilibrium' through her changing lifecycle Understand the new breakthroughs and discoveries in human-identical hormone therapy Naturally replace the hormones that have decreased with age--with the science that supports the health benefits of biidentical hormone therapy Enjoy vast improvements in mental and emotional health as well as resolving physical issues, including weight gain, depression, osteoporosis, hot flashes, low sex drive, and fatigue","['Genie James', 'C. W. Randolph']",2010-01-01,['Health & Fitness'],2.0
I Can Do It 2005 Calendar,"Louise's I Can Do It(r) Flip Calendar for 2005 is the perfect way to bring 365 positive affirmations into your life throughout the year. Just flip to a different page each day and see how your mood lifts, your well-being is enhanced, and your motivation grows. This colorfully designed calendar is the perfect gift for all the special people in your life-especially YOU!",['Louise L. Hay'],2004-08,,
Prayer: An Adventure With God (Lifeguide Bible Studies),"You pray for your own needs and for the needs of others. You pray in the face of conflict, and you pray for forgiveness. You pray to pour out your heart to God and to gain a glimpse of God's heart for you. As David Healey leads you through twelve-session LifeGuide® Bible Study on the prayers of men and women in the Bible, you will gain new insights into why, what and how to pray.",['David Healey'],2002-01-07,['Religion'],3.0
The Republic of Wine,"Plagued by persistent reports of cannibalism in a province known as the Republic of Wine, the Chinese government sends special investigator Ding Gou'er to substantiate the disturbing rumors. Reprint.",['Mo Yan'],2001,['Fiction'],6.0
Advanced Techniques of Clandestine Psychedelic & Amphetamine Manufacture,,['Fester'],1998,['Methamphetamine'],
The Business: A Novel,"A fiercely satirical novel by one of the Britain's greatest living writers chronicles the behind-the-scenes machinations of a secretive organization with plans to dominate the world. By the author of A Song of Stone and The Wasp Factory. Reprint. 12,500 first printing.",['Iain Banks'],2001-11-13,['Fiction'],16.0
The Far Country,,,,,
